City;Ward;Match ID;New ID;Mahalla Name;Settlement Name;Households;Population;Settlement Age;Condition of access roads;Availability of drains;Electricity coverage;Solid waste collection service;Access to piped water supply;Availability of hygienic toilet;Street lighting;Attendance of children at school;Households with employment;Household income;Social problems;Land tenure security;Housing condition;Risk of eviction;Land Ownership;Type of Occupancy;Total Score
Cox`s Bazar;1;1500101001;;Najira Tek (Shutki Mahal, Basinna Para, Mostakpara);Basinna Para;100;560;20;1;1;3;1;1;1;1;2;2;2;2;2;1;1;4;2;27
Cox`s Bazar;1;1500101002;;Najira Tek (Shutki Mahal, Basinna Para, Mostakpara);Basina Para Muhammadiya Masjeed Elaka;250;1200;21;1;1;1;1;1;1;2;1;3;3;3;1;1;2;4;4;30
Cox`s Bazar;1;1500101003;;Najira Tek (Shutki Mahal, Basinna Para, Mostakpara);Muhammadiya Masjeed Ar Uttor Pashe;150;675;21;1;1;1;1;1;1;3;3;4;4;3;1;1;3;4;4;36
Cox`s Bazar;1;1500101004;;Najira Tek (Shutki Mahal, Basinna Para, Mostakpara);Bosinna Para Masjeed Ar Pashe;150;675;21;1;1;1;1;1;1;2;1;4;3;3;1;1;1;4;4;30
Cox`s Bazar;1;1500101005;;Najira Tek (Shutki Mahal, Basinna Para, Mostakpara);Muhammadiya Masjeed Ar Parshoborto;200;550;21;1;1;3;1;1;1;1;2;2;2;2;2;1;1;4;1;26
Cox`s Bazar;1;1500101006;;Najira Tek (Shutki Mahal, Basinna Para, Mostakpara);Kosina Para Muhammadiya Masjeed Pschim Pashe;150;676;21;1;1;3;1;1;1;1;1;4;4;3;1;1;3;4;4;34
Cox`s Bazar;1;1500101007;;Najira Tek (Shutki Mahal, Basinna Para, Mostakpara);Mosta Para 1no. Goli;50;225;20;1;1;4;1;1;1;1;3;3;4;2;1;1;1;2;1;28
Cox`s Bazar;1;1500101008;;Najira Tek (Shutki Mahal, Basinna Para, Mostakpara);Mostofa Para;300;1350;21;1;1;3;1;1;1;1;2;2;2;2;2;1;1;4;2;27
Cox`s Bazar;1;1500102001;;Moddhom Kutubdia Para (North and South);Counsilor Ar Barir Uttar Pashe;500;2000;33;2;2;4;1;1;3;1;4;4;3;2;2;2;1;1;2;35
Cox`s Bazar;1;1500102002;;Moddhom Kutubdia Para (North and South);Counsilor Ar Barir Purbo Pashe;150;600;33;2;2;4;1;1;3;1;4;4;3;2;2;2;1;2;1;35
Cox`s Bazar;1;1500102003;;Moddhom Kutubdia Para (North and South);Primary School Ar Pashe;150;500;35;2;3;4;2;1;3;1;4;2;3;2;2;2;1;4;2;38
Cox`s Bazar;1;1500102004;;Moddhom Kutubdia Para (North and South);Primary School Ar Dokhin Deka;80;360;33;2;3;4;4;3;2;1;1;2;3;2;2;2;1;4;2;38
Cox`s Bazar;1;1500102005;;Moddhom Kutubdia Para (North and South);Primary school sonjukto para;70;280;33;2;3;4;4;3;2;1;1;2;3;2;2;2;1;4;2;38
Cox`s Bazar;1;1500102006;;Moddhom Kutubdia Para (North and South);Primary School Ar Uttor Pashe Mahtul Masjeed Ar Pashe;80;310;33;2;3;4;2;1;3;1;4;2;3;2;2;2;1;4;2;38
Cox`s Bazar;1;1500102007;;Moddhom Kutubdia Para (North and South);Madrasha Sonlogno;50;205;33;2;2;4;1;1;3;1;4;4;3;2;2;2;1;2;1;35
Cox`s Bazar;1;1500102008;;Moddhom Kutubdia Para (North and South);Madrashar Uttar Pashe;80;320;33;1;1;3;1;1;1;1;1;4;4;3;1;1;3;4;4;34
Cox`s Bazar;1;1500102009;;Moddhom Kutubdia Para (North and South);Modho Kutubadiya Uttar Para;100;400;33;2;2;4;2;2;3;1;4;4;3;3;2;1;3;4;4;44
Cox`s Bazar;1;1500102010;;Moddhom Kutubdia Para (North and South);Baitul Mokarom Masjeeder Pashe;300;1350;30;2;2;4;1;1;3;1;4;2;3;2;2;2;1;4;2;36
Cox`s Bazar;1;1500103001;;Dakkhin Kutubdia Para;Dokhin Kutub Biya Para-1;100;450;40;1;1;4;1;1;1;1;3;4;3;2;1;1;1;2;1;28
Cox`s Bazar;1;1500103002;;Dakkhin Kutubdia Para;Dokhin Kutub Biya Para-2;100;450;40;1;1;4;1;1;1;1;3;4;3;2;1;1;1;2;1;28
Cox`s Bazar;1;1500103003;;Dakkhin Kutubdia Para;Dokhin Kutub Biya Para-3;80;370;40;1;1;4;1;1;1;1;3;4;3;2;1;1;1;2;1;28
Cox`s Bazar;1;1500103004;;Dakkhin Kutubdia Para;Dokhin Kutub Biya Para-4;50;225;40;1;1;4;1;1;1;1;3;4;3;2;1;1;1;2;1;28
Cox`s Bazar;1;1500103005;;Dakkhin Kutubdia Para;Dokhin Kutub Biya Para-5;50;225;40;1;1;4;1;1;1;1;3;4;3;2;1;1;1;2;1;28
Cox`s Bazar;1;1500103006;;Dakkhin Kutubdia Para;Dokhin Kutub Biya Para-6;50;220;40;1;1;4;1;1;1;1;3;4;3;2;1;1;1;2;1;28
Cox`s Bazar;1;1500103007;;Dakkhin Kutubdia Para;Dokhin Kutub Biya Para-7;100;400;40;1;1;4;1;1;1;1;3;4;3;2;1;1;1;2;1;28
Cox`s Bazar;1;1500103008;;Dakkhin Kutubdia Para;Dokhin Kutub Biya Para-8;100;450;40;1;1;4;1;1;1;1;3;4;3;2;1;1;1;2;1;28
Cox`s Bazar;1;1500103009;;Dakkhin Kutubdia Para;Dokhin Kutub Biya Para-9;300;1400;40;1;1;4;1;1;1;1;3;4;3;2;1;1;1;2;1;28
Cox`s Bazar;1;1500103010;;Dakkhin Kutubdia Para;Dokhin Kutub Biya Para-10;300;1500;40;1;1;4;1;1;1;1;3;4;3;2;1;1;1;2;1;28
Cox`s Bazar;1;1500103011;;Dakkhin Kutubdia Para;Dokhin Kutub Biya Para-11;150;675;40;2;1;4;1;1;1;1;3;4;3;3;1;1;1;2;1;30
Cox`s Bazar;1;1500103012;;Dakkhin Kutubdia Para;Dokhin Kutub Biya Para-12;250;850;40;1;1;4;1;1;1;1;3;4;3;2;1;1;1;2;1;28
Cox`s Bazar;1;1500103013;;Dakkhin Kutubdia Para;Dokhin Kutub Biya Para-13;150;700;40;1;1;4;1;1;1;1;3;4;3;2;1;1;1;2;1;28
Cox`s Bazar;1;1500103014;;Dakkhin Kutubdia Para;Dokhin Kutub Biya Para-14;50;225;40;1;1;4;1;1;1;1;3;4;3;2;1;1;1;2;1;28
Cox`s Bazar;1;1500104001;;Podnar Deil;Robindro Ar Bari Comisonar Ar Barir Pashe;7;31;80;2;1;4;2;1;1;3;4;3;4;2;1;1;1;1;1;32
Cox`s Bazar;1;1500104002;;Podnar Deil;Boidhomandir Sarak;30;135;50;2;1;4;1;1;1;3;1;3;4;2;4;2;4;4;4;41
Cox`s Bazar;1;1500104003;;Podnar Deil;Ram Krishno Polli;15;67;50;2;1;4;1;1;1;2;4;3;4;2;1;2;4;4;4;40
Cox`s Bazar;1;1500104004;;Podnar Deil;Bike Pal Bor Munni Dekorator Ar Pashe;25;112;50;2;3;4;1;1;1;1;4;3;4;2;4;2;4;4;4;44
Cox`s Bazar;1;1500104005;;Podnar Deil;Podnar Vel 5No. Bosoty;150;700;40;1;1;4;1;3;1;1;1;3;4;2;1;1;2;2;1;29
Cox`s Bazar;1;1500104006;;Podnar Deil;Podnar Vel 6No. Bosoty;70;185;40;1;1;4;1;1;1;1;3;3;4;2;1;1;2;2;1;29
Cox`s Bazar;1;1500104007;;Podnar Deil;Podnar Vel 7No. Bosoty;100;450;40;1;1;4;1;1;1;1;3;3;4;2;1;1;2;2;1;29
Cox`s Bazar;1;1500104008;;Podnar Deil;Podnar Vel 8No. Bosoty;70;356;40;1;1;4;1;1;1;1;3;3;4;2;1;1;2;2;1;29
Cox`s Bazar;1;1500104009;;Podnar Deil;Podnar Vel 9No. Bosoty;50;250;40;1;1;4;1;1;1;1;3;3;4;2;1;1;2;2;1;29
Cox`s Bazar;1;1500104010;;Podnar Deil;Padnar Vel Para Kutubuddain Masjeed Ar Uttar Pashe;80;356;40;1;1;4;1;1;1;1;3;3;4;2;1;1;2;2;1;29
Cox`s Bazar;1;1500104011;;Podnar Deil;Padnar Vel Kutubuddain Masjeed Ar Uttar Pase;80;356;40;1;1;4;1;1;1;1;3;3;4;2;1;1;2;2;1;29
Cox`s Bazar;1;1500104012;;Podnar Deil;Padnar Vel Kutubuddain Masjeed Ar Uttar Pase-1;80;356;40;1;1;4;1;1;1;1;3;3;4;2;1;1;2;2;1;29
Cox`s Bazar;1;1500105001;;Bandor Para;Bondor Para 2No. Goli;100;450;13;1;1;4;1;1;1;1;3;3;4;2;1;1;2;2;1;29
Cox`s Bazar;1;1500105002;;Bandor Para;Bondor Para 1No. Goli;100;450;13;1;1;4;1;1;1;1;3;3;4;2;1;1;2;2;1;29
Cox`s Bazar;1;1500105003;;Bandor Para;Bondor Para 3No. Goli;100;450;13;1;1;4;1;1;1;1;3;3;4;2;1;1;2;2;1;29
Cox`s Bazar;1;1500105004;;Bandor Para;Bondor Para 4No. Goli;100;450;13;1;1;4;1;1;1;1;3;3;4;2;1;1;2;2;1;29
Cox`s Bazar;1;1500105005;;Bandor Para;Bondor Para 5No. Goli;100;450;13;1;1;4;1;1;1;2;3;3;2;1;1;1;2;1;1;26
Cox`s Bazar;1;1500105006;;Bandor Para;Bondor Para 6No. Goli;80;360;13;1;1;4;1;1;1;2;3;3;2;1;1;1;2;1;1;26
Cox`s Bazar;1;1500106001;;Uttar Kutubdia Para (khal er North and South);Mohiuddain Madrasa Ar Uttar Pashe;120;510;25;2;1;4;1;1;3;1;4;3;2;2;2;2;1;1;1;31
Cox`s Bazar;1;1500106002;;Uttar Kutubdia Para (khal er North and South);Muhiuddain Miyar Barir Pashe Khal Par;150;675;33;2;1;4;1;1;2;1;3;3;2;2;2;3;1;1;2;31
Cox`s Bazar;1;1500106003;;Uttar Kutubdia Para (khal er North and South);Uttar Kutubdiya Atem Khana Madrasa Sonlogno;200;880;30;2;1;4;1;1;1;1;4;3;2;2;2;1;1;1;2;29
Cox`s Bazar;1;1500106004;;Uttar Kutubdia Para (khal er North and South);Uttar Kutubuddain Atem Khana Poschim Pashe Alaka;30;170;35;2;1;4;1;1;1;1;4;4;2;2;2;1;1;1;2;30
Cox`s Bazar;1;1500106005;;Uttar Kutubdia Para (khal er North and South);Uttar Kutuddain Para Khal Bari;250;750;36;1;1;4;1;1;1;1;3;3;1;1;2;1;1;1;2;25
Cox`s Bazar;1;1500106006;;Uttar Kutubdia Para (khal er North and South);Uttar Kutubdiya Parar Moholla;300;1200;33;1;1;1;1;1;1;1;1;3;1;1;1;1;1;1;2;19
Cox`s Bazar;1;1500107001;;Somiti Para (North and South);Somiti Para 1No. Goli;80;360;35;1;1;4;1;1;1;1;4;3;3;2;1;1;1;2;1;28
Cox`s Bazar;1;1500107002;;Somiti Para (North and South);Somiti Para Nazur Goli;60;270;35;1;1;4;1;1;1;1;4;3;3;2;1;1;1;2;1;28
Cox`s Bazar;1;1500107003;;Somiti Para (North and South);Somiti Para Belaler Goli;80;360;35;1;1;4;1;1;1;1;4;3;3;2;1;1;1;2;1;28
Cox`s Bazar;1;1500107004;;Somiti Para (North and South);Somiti Para Upokuliyo Sikha Niketon Ar Goli;150;700;33;1;1;4;1;1;1;1;4;3;3;2;1;1;1;2;1;28
Cox`s Bazar;1;1500107005;;Somiti Para (North and South);Somiti Para 5No Goli;250;1130;32;1;1;4;1;1;1;1;4;3;3;2;1;1;1;2;1;28
Cox`s Bazar;1;1500107006;;Somiti Para (North and South);Somiti Para 6No. Goli;250;1150;35;1;1;4;1;1;1;1;3;3;3;2;1;1;1;2;1;27
Cox`s Bazar;1;1500107007;;Somiti Para (North and South);Somiti Para 7No. Goli;200;900;35;1;1;4;1;1;1;1;4;3;3;2;1;1;1;2;1;28
Cox`s Bazar;1;1500107008;;Somiti Para (North and South);Somiti Para 8No. Goli;200;900;35;1;1;4;1;1;1;1;4;3;3;2;1;1;1;2;1;28
Cox`s Bazar;1;1500107009;;Somiti Para (North and South);Somiti Para 9No. Goli;180;850;35;1;1;4;1;1;1;1;4;3;3;2;1;1;1;2;1;28
Cox`s Bazar;1;1500107010;;Somiti Para (North and South);Somiti Para 10No. Goli;150;650;35;1;1;4;1;1;1;1;4;3;3;2;1;1;1;2;1;28
Cox`s Bazar;1;1500107011;;Somiti Para (North and South);Somiti Para Masjed Gate;200;900;35;1;1;4;1;1;1;1;4;3;3;2;1;1;1;2;1;28
Cox`s Bazar;1;1500107012;;Somiti Para (North and South);Somiti Para Research Center Goli;200;900;35;1;1;4;1;1;1;1;4;3;3;2;1;1;1;2;1;28
Cox`s Bazar;1;1500108001;;Pashcim Kutubdia Para;Paschim Kutubdiya Para Masjeed (Notun Masjeed Ar Dokhin Pashe);200;900;30;1;1;4;1;1;1;1;4;3;2;2;1;1;2;2;1;28
Cox`s Bazar;1;1500108002;;Pashcim Kutubdia Para;Poschim Kutubdiya Para Notun Masjeed Ar Uttar Pashe;300;1300;30;1;1;4;1;1;1;1;3;3;2;2;1;1;2;2;1;27
Cox`s Bazar;1;1500108003;;Pashcim Kutubdia Para;Paschimkutudbiya Para Baitur Bidyun Masjeed;35;155;35;1;1;3;1;1;1;1;4;3;2;2;1;1;2;2;1;27
Cox`s Bazar;1;1500108004;;Pashcim Kutubdia Para;Paschim Kitubdiya Para Baitus Sorif Ar Dokhin Pashe;20;90;24;1;1;4;1;1;1;1;3;3;2;2;1;1;2;2;1;27
Cox`s Bazar;1;1500108005;;Pashcim Kutubdia Para;Paschim Kutubdiya Para Baitur Sorif Ar Uttar Pashe;70;315;30;1;1;4;1;1;1;1;4;3;2;2;1;1;2;2;1;28
Cox`s Bazar;1;1500108006;;Pashcim Kutubdia Para;Kaisaheber Bosoty;80;330;28;1;1;4;1;1;1;1;3;3;2;2;1;1;2;2;1;27
Cox`s Bazar;1;1500108007;;Pashcim Kutubdia Para;Kutub Bazar;15;70;28;1;1;4;1;1;1;1;4;3;2;2;1;1;2;2;1;28
Cox`s Bazar;1;1500108008;;Pashcim Kutubdia Para;Baitus Sorif Masjeed Ar Uttar Pashe 8No. Goli;90;400;24;1;1;4;1;1;1;1;4;3;2;2;1;1;2;2;1;28
Cox`s Bazar;1;1500108009;;Pashcim Kutubdia Para;Baitus Sorif Masjeed Ar Uttar Pashe 9No. Goli;80;360;24;1;1;4;1;1;1;1;4;3;2;2;1;1;2;2;1;28
Cox`s Bazar;1;1500108010;;Pashcim Kutubdia Para;Baitus Sorif Masjeer Ar Uttar Pashe 10 No. Goli;95;425;28;1;1;4;1;1;1;1;4;3;2;2;1;1;2;2;1;28
Cox`s Bazar;1;1500108011;;Pashcim Kutubdia Para;Baitus Sorif Masjeed Ar Poschim Pashe 11No. Goli;150;670;28;1;1;4;1;1;1;1;4;3;2;2;1;1;2;2;1;28
Cox`s Bazar;1;1500108012;;Pashcim Kutubdia Para;Baitus Sorif Masjeed Ar Dokhin Pashe;80;370;28;1;1;4;1;1;1;1;4;3;2;2;1;1;2;2;1;28
Cox`s bazar;2;1500201001;;Cox's Bazar Sodor Shilpo Area;Hazi Hasan Ali School;150;750;100;2;1;4;2;1;2;1;2;3;4;2;4;1;4;4;4;41
Cox`s bazar;2;1500201002;;Cox's Bazar Sodor Shilpo Area;Shlpo Area Jama Mosjid 2;200;900;100;2;1;2;1;1;1;1;2;3;4;2;4;1;4;4;4;37
Cox`s bazar;2;1500201003;;Cox's Bazar Sodor Shilpo Area;Shlpo Area Jama Mosjid 1;100;450;50;2;1;4;1;1;1;1;2;3;4;2;4;1;4;4;4;39
Cox`s bazar;2;1500201004;;Cox's Bazar Sodor Shilpo Area;Raju Member Road;100;500;100;2;1;3;1;1;1;1;2;1;1;2;4;1;4;4;4;33
Cox`s bazar;2;1500202001;;Cox's Bazar Sodor Panir Koa Para;Monira Apar Bari;50;250;50;2;2;2;1;1;2;2;4;3;1;1;4;1;4;4;4;38
Cox`s bazar;2;1500202002;;Cox's Bazar Sodor Panir Koa Para;Johadia Madrasa;150;720;50;2;1;3;1;1;2;1;4;3;1;2;4;1;4;4;4;38
Cox`s bazar;2;1500202003;;Cox's Bazar Sodor Panir Koa Para;Kombol  Para 1;50;250;20;2;1;4;1;1;1;1;1;3;1;1;4;2;4;4;4;35
Cox`s bazar;2;1500202004;;Cox's Bazar Sodor Panir Koa Para;Kombol  Para 2;60;300;20;2;1;4;1;1;1;1;1;3;1;1;4;1;4;4;4;34
Cox`s bazar;2;1500203001;;Cox's Bazar Sodor Tutia  Para;Kader majhir Bari;50;220;25;2;1;1;1;1;2;2;3;3;1;2;4;1;4;4;4;36
Cox`s bazar;2;1500203002;;Cox's Bazar Sodor Tutia  Para;Kana Badhar Bari;45;200;30;2;1;4;1;1;2;2;4;1;1;1;4;1;4;4;4;37
Cox`s bazar;2;1500203003;;Cox's Bazar Sodor Tutia  Para;Shofiq Master r Bari;50;250;25;2;2;4;1;1;2;1;4;3;1;2;4;2;4;4;4;41
Cox`s bazar;2;1500203004;;Cox's Bazar Sodor Tutia  Para;Roshun Alir Bari( Bridge r Matha);60;300;50;2;1;4;1;1;2;1;4;3;1;2;4;2;4;4;4;40
Cox`s bazar;2;1500204001;;Cox's Bazar Sodor Nunia Chora;Tin Rastar Mor 1;230;1035;100;2;1;4;2;2;2;1;3;3;4;2;4;1;4;4;4;43
Cox`s bazar;2;1500204002;;Cox's Bazar Sodor Nunia Chora;Tin Rastar Mor 2;180;810;100;2;1;4;2;2;2;1;3;2;1;2;4;1;4;4;4;39
Cox`s bazar;2;1500204003;;Cox's Bazar Sodor Nunia Chora;Toidia madrasar pasa;200;900;50;2;1;4;2;2;2;1;3;2;1;2;4;1;4;4;4;39
Cox`s bazar;2;1500204005;;Cox's Bazar Sodor Nunia Chora;Nurul Haque Companyr pasa;100;450;40;2;1;4;2;2;2;1;3;2;1;2;4;1;4;4;4;39
Cox`s bazar;2;1500205001;;Uttor Nunia Chora Pocchim Pas;Bhadhur r bari;125;563;100;2;1;3;2;1;1;2;2;3;3;2;4;2;4;4;4;40
Cox`s bazar;2;1500205002;;Uttor Nunia Chora Pocchim Pas;Boro Koborasthan r Road;160;720;100;2;1;3;1;1;1;1;4;3;4;2;4;1;4;4;4;40
Cox`s bazar;2;1500205003;;Uttor Nunia Chora Pocchim Pas;Ame Ghach Tola;140;630;100;2;1;3;1;1;1;1;2;3;3;2;4;1;4;4;4;37
Cox`s bazar;2;1500205004;;Uttor Nunia Chora Pocchim Pas;Uttor Nunia Chora jama Mosjid;120;540;100;2;2;2;1;1;2;1;3;3;4;2;4;1;4;4;4;40
Cox`s bazar;2;1500206001;;Modhom Nunia Chora;Monirar Goli;150;675;200;2;1;4;1;1;1;1;3;3;1;3;4;1;4;4;4;38
Cox`s bazar;2;1500206002;;Modhom Nunia Chora;Jalal Paskar Bari;110;490;200;2;1;2;2;1;1;2;2;3;4;2;4;1;4;4;4;39
Cox`s bazar;2;1500206003;;Modhom Nunia Chora;Kala Miar Colony;100;450;200;2;1;3;1;1;1;2;1;3;1;2;4;1;4;4;4;35
Cox`s bazar;2;1500206004;;Modhom Nunia Chora;Shamshu Majhir Colony;120;540;200;2;1;3;1;1;1;2;4;3;3;2;4;1;4;4;4;40
Cox`s bazar;2;1500206005;;Modhom Nunia Chora;Roshid Master Goli;140;630;200;2;1;3;1;1;1;2;4;3;4;2;4;1;4;4;4;41
Cox`s bazar;2;1500206006;;Modhom Nunia Chora;Kajol Bari;80;360;200;2;1;3;1;2;1;2;2;3;4;2;4;1;4;4;4;40
Cox`s bazar;2;1500207001;;New Fishari Para;Kuna Para;100;450;50;2;2;3;2;1;1;1;2;3;2;2;4;1;4;4;4;38
Cox`s bazar;2;1500207002;;New Fishari Para;Mokchita Para;80;350;25;2;1;4;1;2;1;2;2;3;2;2;4;1;4;4;4;39
Cox`s bazar;2;1500207003;;New Fishari Para;6 No Ghat Hindu Para;80;350;40;2;1;4;1;1;1;2;4;1;2;3;4;1;4;4;4;39
Cox`s bazar;2;1500208001;;Pocchim New Bhar Chora;Gazir Path;250;1200;50;2;1;4;1;1;2;1;3;3;3;2;4;2;4;4;4;41
Cox`s bazar;2;1500208002;;Airpot Para;Public School R Pasa;80;355;100;2;1;2;1;1;1;2;3;2;2;2;4;1;4;4;4;36
Cox`s bazar;2;1500208003;;Pocchim New Bhar Chora;Ar Karati Para;230;1200;70;2;1;4;1;1;1;1;4;1;4;2;4;2;4;4;4;40
Cox`s Bazar;3;1500301001;;Chaul Bazar;Raipara (Dokhin Pashe);15;68;70;2;1;4;2;1;1;1;4;3;4;2;4;2;4;4;4;43
Cox`s Bazar;3;1500301002;;Chaul Bazar;Chawl Bazar (Purbo Pashe);25;112;70;2;1;4;3;3;1;1;4;3;4;3;4;2;4;4;4;47
Cox`s Bazar;3;1500301003;;Chaul Bazar;Fulbag;7;32;70;2;1;4;2;1;1;1;4;3;4;3;4;2;4;4;4;44
Cox`s Bazar;3;1500302001;;Boro Bazar;Nur Para;14;67;70;2;1;4;2;1;1;2;4;3;4;2;2;2;2;2;3;37
Cox`s Bazar;3;1500303001;;Enderson Road;Hokars Market Ar Piche;6;27;70;2;1;4;1;1;1;3;4;3;4;2;4;2;4;4;4;44
Cox`s Bazar;3;1500304001;;Bodor Mukam;Khadho Godam, Bodo Mokam;30;116;70;2;2;3;1;1;1;1;4;3;4;2;1;1;1;2;1;30
Cox`s Bazar;3;1500305001;;Mojammel Shorok;Konaiya Bazar;60;270;70;2;1;4;1;1;1;1;4;3;4;2;2;1;2;2;3;34
Cox`s Bazar;3;1500305002;;Mojammel Shorok;Notun BaharChora (Mojib Chairman Para);25;112;70;2;1;4;1;1;1;1;4;3;4;2;2;1;2;2;3;34
Cox`s Bazar;3;1500305003;;Mojammel Shorok;Mojib Chairman Ar Barir Purbo Pashe Nurul Aminer Bari;11;50;70;2;2;4;2;1;1;1;4;3;4;2;2;1;2;2;3;36
Cox`s Bazar;3;1500305004;;Mojammel Shorok;Abun Hossain Ar Bari;10;45;70;2;1;4;2;1;1;1;4;3;4;2;2;1;2;2;3;35
Cox`s Bazar;3;1500305005;;Mojammel Shorok;Mojib Chairman Ar Colony;25;112;12;2;1;4;1;1;1;1;4;3;4;2;1;1;1;1;1;29
Cox`s Bazar;4;1500401001;;Pashchim Peshkar Para;Peshkar Para-Potaje Para;50;225;20;2;1;3;1;1;1;1;4;3;3;2;4;1;4;4;4;39
Cox`s Bazar;4;1500401002;;Pashchim Peshkar Para;Uttor Pashkar Para Jame Masjeed;150;675;50;2;1;4;2;2;2;3;4;3;3;2;4;1;4;4;4;45
Cox`s Bazar;4;1500402001;;Uttar Peshkar Para;Uttar Peshkar Para-Jamai Para;500;2300;35;2;1;2;1;2;1;1;3;3;3;2;4;1;4;4;4;38
Cox`s Bazar;4;1500403001;;Moddom Peshkar Para;Poschim Pashkar Para;200;900;70;2;1;3;1;1;1;1;4;3;3;2;4;1;4;4;4;39
Cox`s Bazar;4;1500403002;;Moddom Peshkar Para;Poschim Pashkar Para Primary School;30;135;30;2;1;4;2;2;1;2;4;3;3;2;3;1;3;3;3;39
Cox`s Bazar;4;1500403003;;Moddom Peshkar Para;Uttor Pashkar Para Jame Masjeed Ar Purbo Pash;30;135;50;2;1;4;3;2;2;3;4;3;3;2;4;2;4;4;4;47
Cox`s Bazar;4;1500403004;;Moddom Peshkar Para;Baitus Sorod Jame Masjeed Ar Pashe;25;120;20;2;1;4;2;1;1;1;4;3;4;2;4;1;4;4;4;42
Cox`s Bazar;4;1500404001;;Uttar+Moddam Tekpara;Hangor Para;25;110;30;2;1;4;2;3;1;3;4;3;4;2;4;1;4;4;4;46
Cox`s Bazar;4;1500404002;;Uttar+Moddam Tekpara;Islamia Borof Kol Ar Poschim Pash;20;90;15;2;2;2;1;1;1;1;4;3;4;2;2;1;3;4;4;37
Cox`s Bazar;4;1500404003;;Uttar+Moddam Tekpara;Amena Khatun School Sonlogno;25;120;50;2;1;4;3;2;1;2;4;3;4;2;4;1;4;4;4;45
Cox`s Bazar;4;1500405001;;Sija Sawdagar Para;Nurul Alom Master Ar Colony (Purbo Part);45;200;40;2;1;4;3;1;2;1;4;3;3;2;4;2;4;4;4;44
Cox`s Bazar;4;1500405002;;Sija Sawdagar Para;Asimong Pashkar Para (Poschim Pash);22;90;50;2;2;4;3;2;1;3;4;3;4;2;4;1;4;4;4;47
Cox`s Bazar;4;1500406001;;Prodhan Tekpara;Pukur Par;12;55;60;3;3;4;3;2;1;1;4;3;3;2;4;1;4;4;4;46
Cox`s Bazar;4;1500406002;;Prodhan Tekpara;Takpara Primary School Sonlogno (Munshi Bari);40;200;60;2;1;4;3;2;1;3;4;2;4;2;4;1;4;4;4;45
Cox`s Bazar;5;1500501001;;S M Para;Boro Pukurer Poschim Pash;80;360;100;2;1;4;1;1;1;1;3;3;3;2;4;1;4;4;4;39
Cox`s Bazar;5;1500501002;;S M Para;Boro Pukurer Purbo Par;70;315;100;2;1;4;1;1;1;1;3;3;3;2;4;1;4;4;4;39
Cox`s Bazar;5;1500501003;;S M Para;Poschim S.M Para;30;135;100;2;1;4;1;1;1;1;3;3;3;2;4;1;4;4;4;39
Cox`s Bazar;5;1500502001;;Bonrupa Para;Poschim Bonorupa Para-1;70;315;22;2;1;4;1;1;1;1;3;3;4;2;1;1;2;2;1;30
Cox`s Bazar;5;1500502002;;Bonrupa Para;Poschim Bonorupa Para-2;30;135;25;2;1;4;1;1;1;1;3;3;4;2;1;1;1;2;1;29
Cox`s Bazar;5;1500503001;;Greater Chaudhury Para (Behind Sub Marine Cabel);Milon M.N.G Driver Ar Elaka;105;470;60;2;1;4;1;1;1;1;3;3;3;2;4;1;4;4;4;39
Cox`s Bazar;5;1500503002;;Greater Chaudhury Para (Behind Sub Marine Cabel);Chowdhury Para Sobujvag Elaka;180;810;80;2;1;4;1;1;1;1;3;3;3;2;4;1;4;4;4;39
Cox`s Bazar;5;1500504001;;Alir Jahan (East Side);Uttor Komaliyachora;13;57;90;2;1;4;1;1;1;1;3;3;4;2;4;1;4;4;4;40
Cox`s Bazar;5;1500504002;;Alir Jahan (East Side);Alir Jahal Bostee;32;144;20;2;1;4;1;1;1;1;3;3;4;2;1;1;1;1;1;28
Cox`s Bazar;5;1500505001;;Uttar Rumaliar Chara;Purbo Godhar Para;28;126;103;2;1;4;1;1;1;1;3;3;3;2;3;1;3;4;4;37
Cox`s Bazar;5;1500505002;;Uttar Rumaliar Chara;Notun Gudhar Para;85;380;90;2;1;4;1;1;1;1;3;3;3;2;4;1;4;4;4;39
Cox`s Bazar;5;1500505003;;Uttar Rumaliar Chara;Hajrot Omon Khaja Masjeed Ar Pasher Bastee;30;135;40;2;3;4;1;1;1;1;3;3;3;2;3;1;3;4;4;39
Cox`s Bazar;6;1500601001;;Hazipara Partial+Nap Panzapara+Uttar Dikkul;Haji Para elaka;40;190;150;2;1;4;1;1;1;1;3;3;4;2;4;1;4;4;4;40
Cox`s Bazar;6;1500601002;;Hazipara Partial+Nap Panzapara+Uttar Dikkul;Nappaja Para Elaka-1;50;225;150;2;1;4;1;1;1;2;3;3;4;2;4;1;4;4;4;41
Cox`s Bazar;6;1500601003;;Hazipara Partial+Nap Panzapara+Uttar Dikkul;Nappaja Para Elaka-2;100;450;200;2;1;4;1;1;1;2;4;3;4;2;4;1;4;4;4;42
Cox`s Bazar;6;1500601004;;Hazipara Partial+Nap Panzapara+Uttar Dikkul;Uttar Dikkul;100;450;50;2;3;4;1;1;2;2;4;4;3;2;4;1;4;4;4;45
Cox`s Bazar;6;1500601005;;Hazipara Partial+Nap Panzapara+Uttar Dikkul;Uttar Dikkul, Harband Collage-2;100;450;200;1;2;4;1;1;2;2;4;3;3;3;4;4;4;4;4;46
Cox`s Bazar;6;1500601006;;Hazipara Partial+Nap Panzapara+Uttar Dikkul;Uttar Dikkul Jame Masjeed;100;400;250;2;1;4;1;1;2;2;3;3;3;3;4;3;4;4;4;44
Cox`s Bazar;6;1500601007;;Hazipara Partial+Nap Panzapara+Uttar Dikkul;Uttar Dikkul Concilor Puraton Bari;100;450;200;2;1;4;1;1;3;3;3;3;4;3;4;3;4;4;4;47
Cox`s Bazar;6;1500602001;;Greater Peta Sawdakor Para(Sardar para+East Baruya PAra+Dhupi Para);Modon Boduya Jogodiser Bari;150;550;300;2;1;4;1;1;3;1;3;3;3;2;4;4;4;4;4;44
Cox`s Bazar;6;1500602002;;Greater Peta Sawdakor Para(Sardar para+East Baruya PAra+Dhupi Para);Arshad Ullah Joni Alom;300;1000;300;2;1;4;1;1;2;1;3;3;3;2;4;3;4;4;4;42
Cox`s Bazar;6;1500602003;;Greater Peta Sawdakor Para(Sardar para+East Baruya PAra+Dhupi Para);Dhupi Para;60;400;250;2;1;4;1;1;2;1;3;4;3;2;4;4;4;4;4;44
Cox`s Bazar;6;1500602004;;Greater Peta Sawdakor Para(Sardar para+East Baruya PAra+Dhupi Para);Uttar Peta  Sowdagar Para;90;300;40;2;1;1;1;1;2;1;2;2;3;3;3;3;4;4;4;37
Cox`s Bazar;6;1500603001;;West Baruyapara+Greater Sikdar Para;Sikdar Para, Uttar Pash;100;450;40;1;1;4;2;2;4;3;3;3;4;3;3;3;4;4;4;48
Cox`s Bazar;6;1500603002;;West Baruyapara+Greater Sikdar Para;Josim Uddain Bou Mitu Bari Projonto;200;900;200;2;1;4;1;1;2;3;3;3;3;3;3;4;4;4;4;45
Cox`s Bazar;6;1500603003;;West Baruyapara+Greater Sikdar Para;Paschim Boduya Para;100;450;150;2;1;3;1;1;3;1;2;3;3;3;3;3;4;4;4;41
Cox`s Bazar;6;1500603004;;West Baruyapara+Greater Sikdar Para;Sinder Para;200;900;200;2;1;3;1;1;2;2;2;3;3;3;3;4;4;4;4;42
Cox`s Bazar;6;1500604001;;Mali para;Molik Para;300;1350;150;2;1;4;1;1;3;3;4;4;4;3;3;4;4;4;4;49
Cox`s Bazar;6;1500605001;;Greater Sahittika Polli+ South Mali para;Dokhin Sohijik Polli;1500;6600;42;2;1;4;2;1;2;2;4;3;3;2;1;2;1;2;1;33
Cox`s Bazar;6;1500605002;;Greater Sahittika Polli+ South Mali para;Darunl Aman;800;3200;42;2;1;4;2;1;2;2;4;3;3;2;1;2;1;2;1;33
Cox`s Bazar;6;1500605003;;Greater Sahittika Polli+ South Mali para;Darul Aman Jame Masjeeder Dokhin;800;3500;42;2;1;4;2;1;2;2;4;3;3;2;1;2;1;2;1;33
Cox`s Bazar;6;1500605004;;Greater Sahittika Polli+ South Mali para;Goru Aloda City Colony;100;450;43;2;1;4;2;1;2;2;4;3;3;2;1;2;1;2;1;33
Cox`s Bazar;6;1500605005;;Greater Sahittika Polli+ South Mali para;Sahitek Polli Ucho Bidhaloyer Dokhine;150;675;42;2;1;4;2;1;2;2;4;3;3;2;1;2;1;2;1;33
Cox`s Bazar;6;1500606001;;Greater South Romalia Chara;Dokhin Alir Jahan;35;155;80;2;2;4;2;1;1;1;4;3;3;2;2;2;1;2;1;33
Cox`s Bazar;6;1500606002;;Greater South Romalia Chara;PTI School;70;350;50;2;2;4;2;1;1;2;4;3;3;2;4;1;4;4;4;43
Cox`s Bazar;6;1500606003;;Greater South Romalia Chara;Dokhin Romaly Chora;100;400;50;2;1;4;1;1;2;2;3;3;4;2;2;1;3;2;2;35
Cox`s Bazar;6;1500607001;;Pollania Kata+Matia Toli;Uttar Colony Kata Jame Masjeed Ar Elaka;200;900;80;2;1;1;1;1;1;1;4;3;4;2;1;1;1;2;1;27
Cox`s Bazar;6;1500607002;;Pollania Kata+Matia Toli;Dokhin Colony Sikdar Bazar Elaka;210;945;40;1;1;3;1;1;1;1;4;3;4;3;2;1;2;2;3;33
Cox`s Bazar;6;1500607003;;Pollania Kata+Matia Toli;Satiya Toli Jame Masjeed;100;460;23;1;1;1;1;1;1;1;3;3;4;3;1;1;1;2;1;26
Cox`s Bazar;7;1500701001;;Dakkhin Romaria Chara+Chairman Kata+Samiti BAzar+ABC Goba+Ashora Gona;Dokhin Ruma Liya Sora;90;360;45;4;4;4;3;3;3;3;3;3;3;3;4;1;2;4;4;51
Cox`s Bazar;7;1500701002;;Dakkhin Romaria Chara+Chairman Kata+Samiti BAzar+ABC Goba+Ashora Gona;Chairman Ghata;80;320;40;4;4;4;4;4;3;4;3;3;3;4;4;1;4;4;4;57
Cox`s Bazar;7;1500701003;;Dakkhin Romaria Chara+Chairman Kata+Samiti BAzar+ABC Goba+Ashora Gona;Somiti Bazar;70;280;30;1;1;2;4;2;2;4;4;3;2;3;4;1;4;4;4;45
Cox`s Bazar;7;1500701004;;Dakkhin Romaria Chara+Chairman Kata+Samiti BAzar+ABC Goba+Ashora Gona;A.B.C Gola;60;240;35;1;1;4;1;2;1;3;4;3;2;2;4;1;4;4;4;41
Cox`s Bazar;7;1500701005;;Dakkhin Romaria Chara+Chairman Kata+Samiti BAzar+ABC Goba+Ashora Gona;Asura Ghona-1;80;320;30;3;3;4;2;3;4;4;3;3;3;3;4;1;4;4;4;52
Cox`s Bazar;7;1500701006;;Dakkhin Romaria Chara+Chairman Kata+Samiti BAzar+ABC Goba+Ashora Gona;Asura Ghona-2;70;280;30;4;4;4;3;3;2;4;3;3;3;3;4;1;4;4;4;53
Cox`s Bazar;7;1500702001;;Teknaf Pahar;Taknath Pahar;90;360;35;1;1;2;2;2;2;1;4;1;3;3;4;1;4;4;4;39
Cox`s Bazar;7;1500702002;;Teknaf Pahar;Sobuj Bag;70;280;40;4;1;2;3;2;2;1;4;3;1;3;4;1;4;4;4;43
Cox`s Bazar;7;1500702003;;Teknaf Pahar;Pahar Toli;180;520;40;2;2;4;2;3;2;4;4;3;3;2;3;1;4;4;4;47
Cox`s Bazar;7;1500703001;;Islampur+Alir Gona+Chattar Gona;Islampur Bosote;70;280;30;4;3;3;3;2;2;4;4;3;2;4;4;1;4;4;4;51
Cox`s Bazar;7;1500703002;;Islampur+Alir Gona+Chattar Gona;Alir Khona Bosoty-1;40;160;30;4;3;4;2;2;2;4;3;3;4;2;4;1;4;4;4;50
Cox`s Bazar;7;1500703003;;Islampur+Alir Gona+Chattar Gona;Alir Khona Bosoty-2;40;160;25;4;3;4;2;1;1;3;3;2;3;3;4;1;4;4;4;46
Cox`s Bazar;7;1500703004;;Islampur+Alir Gona+Chattar Gona;Sottar Gona Bosotee-1;60;240;20;2;2;4;2;2;1;4;3;3;3;3;4;1;4;4;4;46
Cox`s Bazar;7;1500703005;;Islampur+Alir Gona+Chattar Gona;Sottar Gona Bosotee-2;50;200;20;3;1;4;2;1;2;2;3;3;2;2;4;1;4;4;4;42
Cox`s Bazar;7;1500704001;;Bou Bazar+Zia Nagar+Halimapara;Halim Para;10;50;13;2;4;4;1;4;3;2;4;3;3;4;4;1;4;4;4;51
Cox`s Bazar;7;1500704002;;Bou Bazar+Zia Nagar+Halimapara;Mojahidiya Tul Madrasa-1;40;200;10;2;3;4;1;2;2;4;4;3;3;4;4;1;4;4;4;49
Cox`s Bazar;7;1500704003;;Bou Bazar+Zia Nagar+Halimapara;Mojahidiya Tul Madrasa-2;35;105;20;1;1;4;1;2;1;3;3;3;3;1;4;1;4;4;4;40
Cox`s Bazar;7;1500704004;;Bou Bazar+Zia Nagar+Halimapara;Dokhin Pahar Toli Halima Para;60;300;27;1;1;4;1;1;2;1;4;3;1;1;4;1;4;4;4;37
Cox`s Bazar;7;1500704005;;Bou Bazar+Zia Nagar+Halimapara;Uttar Ahar Ali Halima Para;50;250;12;3;1;4;2;2;2;4;4;3;3;3;4;1;4;4;4;48
Cox`s Bazar;7;1500704006;;Bou Bazar+Zia Nagar+Halimapara;Jiya Nagar-1;25;125;10;2;3;4;2;3;2;4;4;3;3;3;4;1;4;4;4;50
Cox`s Bazar;7;1500704007;;Bou Bazar+Zia Nagar+Halimapara;Jiya Nagar-2;50;250;8;1;1;4;2;1;1;1;3;3;3;3;4;1;4;4;4;40
Cox`s Bazar;7;1500704008;;Bou Bazar+Zia Nagar+Halimapara;Jiya Nagar-3;30;150;12;1;2;4;2;2;1;1;3;3;3;3;4;1;1;4;4;39
Cox`s Bazar;7;1500704009;;Bou Bazar+Zia Nagar+Halimapara;Jiya Nagar-4;35;140;17;1;3;4;2;4;1;1;4;3;4;4;3;1;4;4;4;47
Cox`s Bazar;7;1500704010;;Bou Bazar+Zia Nagar+Halimapara;Jiya Nagar-5;35;175;20;1;1;4;1;2;1;1;3;3;3;4;4;1;4;4;4;41
Cox`s Bazar;7;1500704011;;Bou Bazar+Zia Nagar+Halimapara;Bou Bazar Mor Bosoty;50;200;25;4;3;4;4;4;3;4;4;3;3;3;4;1;3;4;4;55
Cox`s Bazar;7;1500704012;;Bou Bazar+Zia Nagar+Halimapara;Bou Bazar Ar Purbo Pashe;40;200;20;4;4;4;4;4;3;3;4;3;3;4;4;1;4;4;4;57
Cox`s Bazar;7;1500704013;;Bou Bazar+Zia Nagar+Halimapara;Bou Bazar Ar Poschim Pashe;45;180;20;2;1;4;1;2;2;2;4;3;3;4;4;1;4;4;4;45
Cox`s Bazar;7;1500705001;;Khalpar+Paschim Pahartoli+Rahmania Madrasa;Sohid Titumir In.;10;40;35;4;4;4;3;3;1;4;4;4;3;2;4;1;4;4;4;53
Cox`s Bazar;7;1500705002;;Khalpar+Paschim Pahartoli+Rahmania Madrasa;Modho Pahar Toli;30;120;40;4;3;4;2;4;3;4;4;3;3;2;4;1;4;4;4;53
Cox`s Bazar;7;1500705003;;Khalpar+Paschim Pahartoli+Rahmania Madrasa;Dokhin Sikdar Mohola;60;240;60;2;4;4;2;4;3;4;4;2;3;2;4;1;4;4;4;51
Cox`s Bazar;7;1500705004;;Khalpar+Paschim Pahartoli+Rahmania Madrasa;Taraboniya Chora Masjeed;80;320;60;2;4;4;2;2;2;4;4;2;3;2;4;1;4;4;4;48
Cox`s Bazar;7;1500705005;;Khalpar+Paschim Pahartoli+Rahmania Madrasa;Koboresthan Road;80;320;40;2;2;4;2;3;3;4;4;3;2;2;4;1;4;4;4;48
Cox`s Bazar;7;1500705006;;Khalpar+Paschim Pahartoli+Rahmania Madrasa;Kola Bagan;80;320;30;1;1;4;2;2;1;4;2;2;3;3;4;1;1;4;4;39
Cox`s Bazar;7;1500705007;;Khalpar+Paschim Pahartoli+Rahmania Madrasa;Khunir Mobi;70;280;40;1;2;4;1;3;3;1;4;3;3;2;4;1;3;4;4;43
Cox`s Bazar;7;1500705008;;Khalpar+Paschim Pahartoli+Rahmania Madrasa;Boidho Para;200;600;60;4;4;4;2;4;3;4;4;3;2;3;4;1;4;4;4;54
Cox`s Bazar;7;1500705009;;Khalpar+Paschim Pahartoli+Rahmania Madrasa;Koboresthan Road-2;160;480;30;4;4;4;2;4;2;4;4;3;2;2;4;1;4;4;4;52
Cox`s Bazar;7;1500705010;;Khalpar+Paschim Pahartoli+Rahmania Madrasa;Jadi Rampara-1;60;200;40;1;1;2;1;1;2;1;2;3;2;3;4;2;4;4;4;37
Cox`s Bazar;8;1500801001;;M A Kader Sorok, Romendro Center;Robinder Bari Comisonar Ar Barir Pasha;7;31;80;2;1;4;2;1;1;3;4;3;4;2;1;2;1;1;1;33
Cox`s Bazar;8;1500801002;;M A Kader Sorok, Romendro Center;Boidho Mandir Sarak;30;135;50;2;1;4;1;1;1;3;1;3;4;2;4;2;4;4;4;41
Cox`s Bazar;8;1500801003;;M A Kader Sorok, Romendro Center;Ramkrishno Polli;15;67;50;2;1;4;1;1;1;2;4;3;4;2;1;2;4;4;4;40
Cox`s Bazar;8;1500801004;;M A Kader Sorok, Romendro Center;Bike Pal Road Munni Dekorator Ar Pashe;25;112;50;2;3;4;1;1;1;1;4;3;4;2;4;2;4;4;4;44
Cox`s Bazar;8;1500803001;;Goldighir East Part, Boidhogona;Kang Para;7;31;40;2;2;4;1;1;1;2;4;3;4;2;4;1;4;4;4;43
Cox`s Bazar;8;1500803002;;Goldighir East Part, Boidhogona;Comisonar Ar Bashar Shamne Jonir Elaka;6;27;8;2;1;4;2;1;1;2;4;3;4;2;1;2;1;1;2;33
Cox`s Bazar;8;1500804001;;Krishnanondodham, Gonarpara, S A Kang Para;S.A Kang Para-1;10;45;20;2;1;4;1;1;1;1;4;3;4;2;4;1;4;4;4;41
Cox`s Bazar;8;1500804002;;Krishnanondodham, Gonarpara, S A Kang Para;S.A Kang Para-2;15;65;40;2;3;4;1;1;1;1;4;3;3;3;4;1;4;4;4;43
Cox`s Bazar;8;1500804003;;Krishnanondodham, Gonarpara, S A Kang Para;BiBI Hajek Jame Masjid;13;58;60;2;1;4;1;1;1;2;4;3;4;2;4;1;4;4;4;42
Cox`s Bazar;8;1500804004;;Krishnanondodham, Gonarpara, S A Kang Para;Topobon Asrom;20;90;50;2;2;4;1;1;1;1;4;3;3;2;4;1;4;4;4;41
Cox`s Bazar;8;1500804005;;Krishnanondodham, Gonarpara, S A Kang Para;S.A Zadi;50;225;50;2;3;4;1;1;1;1;4;3;4;3;4;4;4;4;4;47
Cox`s Bazar;8;1500805001;;Songkor Moat Area;Sonkor Math Bosotee-1;10;45;35;2;3;4;2;1;1;1;4;3;3;3;4;1;4;4;4;44
Cox`s Bazar;8;1500805002;;Songkor Moat Area;Sonkor Math Bosotee-2;105;472;50;2;3;4;1;1;1;1;3;3;3;3;4;1;4;4;4;42
Cox`s Bazar;8;1500806001;;Baitus Ijjot Area;Baitus Ijjot Area Bosote-1;10;45;45;2;1;4;1;1;1;1;3;3;3;2;4;1;4;4;4;39
Cox`s Bazar;8;1500806002;;Baitus Ijjot Area;Baitus Ijjot Area Bosote-2;10;45;10;2;3;4;1;1;1;1;3;3;3;2;4;1;4;4;4;41
Cox`s Bazar;8;1500806003;;Baitus Ijjot Area;Baitus Ijjot Area Bosote-3;17;76;46;2;2;4;1;1;1;1;4;3;4;2;4;1;4;4;4;42
Cox`s Bazar;8;1500806004;;Baitus Ijjot Area;Baitus Ijjot Area Bosote-4;9;40;45;2;2;4;1;1;1;1;4;3;3;3;4;1;4;4;4;42
Cox`s Bazar;8;1500807001;; Extended Boidogona;Jadiya Pahar;40;200;50;2;2;4;1;1;1;1;4;3;4;2;4;1;4;4;4;42
Cox`s Bazar;8;1500807002;; Extended Boidogona;Ahamdiya Jame Masjeed-1;16;72;60;2;2;4;1;1;1;1;4;3;4;2;4;1;4;4;4;42
Cox`s Bazar;8;1500807003;; Extended Boidogona;Ahamdiya Jame Masjeed-2;10;45;60;2;2;4;1;1;1;1;4;3;4;2;4;1;4;4;4;42
Cox`s Bazar;9;1500901001;;Lokonath Polli;Loknath Polli;20;85;52;2;3;4;4;1;1;2;3;3;4;3;1;1;2;1;1;36
Cox`s Bazar;9;1500901002;;Lokonath Polli;Nurul Hok Ar Bari Elaka;14;65;7;2;2;4;3;1;2;3;4;4;4;2;1;1;3;1;4;41
Cox`s Bazar;9;1500901003;;Lokonath Polli;Loknath Mandirer Purbo Pashe;20;85;50;2;3;2;4;3;1;2;4;3;4;3;1;1;2;1;1;37
Cox`s Bazar;9;1500902001;;Horizon Para;Horijon Polli;10;45;70;2;2;4;1;1;1;1;3;3;4;2;2;1;2;2;1;32
Cox`s Bazar;9;1500903001;;Jolodas Para;Rajnodro (Suchona) Mikho Bari 1No. Goli;20;90;120;2;2;4;2;1;2;2;3;2;2;3;3;2;2;3;4;39
Cox`s Bazar;9;1500903002;;Jolodas Para;Shiv Mandhir Ar Pashe 3no. Goli;40;180;120;2;2;4;2;1;2;2;3;2;2;3;3;3;2;3;4;40
Cox`s Bazar;9;1500904001;;Khaza Manjil South East;Amin Fokir Bari;70;320;30;1;1;3;1;2;2;1;3;3;3;3;2;2;1;3;2;33
Cox`s Bazar;9;1500904002;;Khaza Manjil South East;Khaja Manjil;70;250;30;2;1;3;2;2;2;2;3;3;3;3;1;1;1;3;2;34
Cox`s Bazar;9;1500904003;;Khaza Manjil South East;Khaja Manjil-1;150;650;13;1;2;3;1;1;1;1;3;3;3;2;1;1;2;2;1;28
Cox`s Bazar;9;1500904004;;Khaza Manjil South East;Jiya Nagar;65;300;14;2;2;3;2;1;1;1;3;3;3;2;1;1;2;2;1;30
Cox`s Bazar;9;1500904005;;Khaza Manjil South East;Pahartoli Purbo Pash;45;190;16;2;2;3;2;2;1;1;3;3;3;3;1;1;2;2;2;33
Cox`s Bazar;9;1500904006;;Khaza Manjil South East;Badsha Gola Bosoty-1;60;240;45;3;4;4;3;3;2;4;4;3;3;3;4;1;4;4;4;53
Cox`s Bazar;9;1500904007;;Khaza Manjil South East;Dokhin Para;40;160;20;3;2;4;2;2;2;4;4;3;2;3;4;1;4;4;4;48
Cox`s Bazar;9;1500904008;;Khaza Manjil South East;Mowlobi Para;35;140;25;3;2;4;2;2;2;3;3;3;3;3;4;1;3;4;4;46
Cox`s Bazar;9;1500905001;;Khaza Manjil West;Sonar Para Jame Masjeed Ar Uttar Pashe;200;900;25;3;3;4;2;2;2;2;4;3;3;3;1;1;2;2;1;38
Cox`s Bazar;9;1500905002;;Khaza Manjil West;Sonar Para Jame Masjeed;50;230;25;2;2;3;2;2;2;2;3;3;3;3;1;2;2;2;2;36
Cox`s Bazar;9;1500906001;;Badshar Ghona;Badsha Ghoni Uttar Faruk Masjeed;181;880;21;1;1;3;2;1;1;3;3;3;3;3;4;1;4;4;4;41
Cox`s Bazar;9;1500906002;;Badshar Ghona;Mowlobi Para;44;180;22;1;2;3;2;2;1;3;3;3;3;3;1;1;2;2;1;33
Cox`s Bazar;9;1500906003;;Badshar Ghona;Badsha Ghona Now-Bahini;160;740;14;1;2;3;2;1;1;2;4;3;3;2;1;1;1;2;1;30
Cox`s Bazar;9;1500906004;;Badshar Ghona;Malek Sordar Bari;150;420;14;3;2;3;1;1;1;2;3;3;3;3;2;2;2;3;4;38
Cox`s Bazar;9;1500906005;;Badshar Ghona;Siraj Goni;80;320;30;3;2;3;2;2;2;2;3;3;3;3;4;1;3;4;4;44
Cox`s Bazar;9;1500907001;;Mohazerpara;Mohajer Para. Councilor Ar Barir Pashe;60;300;40;2;3;4;3;3;1;3;4;3;3;3;1;1;1;2;2;39
Cox`s Bazar;9;1500908001;;Koborsthan Para;Koboresthan Para;70;315;40;2;2;4;3;2;1;3;4;3;3;3;1;1;2;2;2;38
Cox`s Bazar;9;1500909001;;Ghonar Para;Ghona Para(Pahare);35;150;40;3;3;4;2;1;2;2;4;3;4;3;3;3;3;3;4;47
Cox`s Bazar;9;1500909002;;Ghonar Para;Ghona Para (Mandir Ar Pashe);20;90;40;3;3;4;2;1;1;2;4;4;4;3;3;2;3;3;4;46
Cox`s Bazar;9;1500909003;;Ghonar Para;Ghona Para Alomgir Tawarer Uttar;12;50;40;2;2;4;2;1;1;2;4;3;4;3;3;2;2;3;4;42
Cox`s Bazar;9;1500909004;;Ghonar Para;Ghona Para (Alomgir Tawarer Purbo Pashe);20;100;40;2;3;4;2;1;2;2;4;3;4;3;3;3;3;3;4;46
Cox`s Bazar;9;1500910001;;South Ghnar Para;Dokhin Ghonar Para Kaderiya School Ar Pichone;40;180;30;2;2;4;2;2;1;2;4;3;3;3;1;1;2;2;1;35
Cox`s Bazar;9;1500910002;;South Ghnar Para;Dokhin Gonar Para;100;400;40;2;2;4;2;3;1;3;4;3;3;3;1;2;2;2;1;38
Cox`s Bazar;9;1500910003;;South Ghnar Para;Dokhin Gonar Oara Sarcite House Ar Pashe;20;80;40;2;1;4;1;1;1;4;3;3;3;3;1;1;2;2;1;33
Cox`s Bazar;9;1500911001;;Hindu Para;Hindu Para Paharer Modha;100;450;56;2;2;4;1;1;2;1;4;3;4;2;4;1;2;3;4;40
Cox`s Bazar;9;1500911002;;Hindu Para;Sri Radha Mandir;50;250;56;2;2;4;1;1;2;1;4;3;3;3;2;2;1;3;4;38
Cox`s Bazar;9;1500911003;;Hindu Para;Hindu Para;150;560;55;2;2;4;2;1;2;2;4;3;4;3;4;2;3;3;4;45
Cox`s Bazar;10;1501001001;;Mohazer Para;Masjeed Vita;20;95;30;2;2;4;2;1;1;1;4;3;4;2;1;1;1;2;1;32
Cox`s Bazar;10;1501001002;;Mohazer Para;Kormuja.Amon Driver;35;150;52;2;2;3;3;1;1;3;3;3;3;2;1;1;1;2;1;32
Cox`s Bazar;10;1501001003;;Mohazer Para;Ajijer Bari Thake Aneser Bari;40;180;53;3;2;3;3;1;1;2;3;3;3;2;1;1;1;2;1;32
Cox`s Bazar;10;1501001004;;Mohazer Para;Nur Muhammad Ar Bari Thake Akusader Bari;45;212;56;2;1;4;1;1;1;1;4;3;4;2;1;1;1;1;1;29
Cox`s Bazar;10;1501001005;;Mohazer Para;Jalal Hosan Ar Bari Thake Altaj Mistry Ar Bari;22;100;53;1;2;2;1;1;1;1;3;3;3;3;1;2;1;2;1;28
Cox`s Bazar;10;1501001006;;Mohazer Para;Jafor Mistry Ar Bari Thake Hosan Ahomoder Bari;28;152;53;1;1;3;1;1;1;1;3;3;2;2;1;1;1;2;1;25
Cox`s Bazar;10;1501002001;;Stadium para and Officers colony;Shabu Vai Ar Office Ar Colony;10;45;100;2;3;4;1;1;1;1;4;3;4;2;3;2;2;2;1;36
Cox`s Bazar;10;1501003001;;Moddom Bahar Cahra;Lojir Companir Vara Bari;11;50;10;2;1;4;1;1;1;3;4;3;4;2;1;2;1;1;1;32
Cox`s Bazar;10;1501003002;;Moddom Bahar Cahra;Abutaher Comosonarer Barir Pashe;20;90;40;2;4;4;1;1;1;2;4;3;4;2;4;2;4;4;4;46
Cox`s Bazar;10;1501003003;;Moddom Bahar Cahra;Aladu Sowdagarer Ase Pase;20;90;80;2;1;4;1;1;1;3;4;3;4;2;4;2;4;4;4;44
Cox`s Bazar;10;1501003004;;Moddom Bahar Cahra;Thanda Miya Bari;30;135;100;2;1;4;1;1;1;1;4;3;4;2;4;1;4;4;4;41
Cox`s Bazar;10;1501003005;;Moddom Bahar Cahra;Forid Ahamed Ar Barir Ase Pase;10;44;100;2;1;4;1;1;1;1;4;3;4;2;4;1;4;4;4;41
Cox`s Bazar;10;1501003006;;Moddom Bahar Cahra;Kobir Bari;17;77;80;2;1;4;1;1;1;1;4;3;4;2;4;2;4;4;4;42
Cox`s Bazar;10;1501004001;;North Bahar Chara;Babul Companir Shmane;23;103;100;2;1;4;1;1;1;1;4;3;4;2;4;2;4;4;4;42
Cox`s Bazar;10;1501005001;;Kachari Pahar/Nondon Kanon Colony;Modhu Colony;8;42;45;2;1;3;3;3;1;1;4;3;3;3;4;1;4;4;4;44
Cox`s Bazar;10;1501005002;;Kachari Pahar/Nondon Kanon Colony;Asbber Bari Pase;7;30;35;1;3;4;2;1;2;1;4;3;3;2;4;1;4;4;4;43
Cox`s Bazar;10;1501005003;;Kachari Pahar/Nondon Kanon Colony;Nala Para;7;34;40;1;2;4;2;1;1;1;4;3;3;2;4;1;4;4;4;41
Cox`s Bazar;10;1501006001;;IBB Paschim+Bongo Pahar+Hasan Colony;Bogo Para;12;60;70;3;3;3;2;2;2;1;4;3;3;3;4;2;4;4;4;47
Cox`s Bazar;11;1501101001;;Greater Jaotola;Altab Miyar Colony;6;25;20;2;1;4;3;1;1;2;4;3;3;3;1;1;1;1;1;32
Cox`s Bazar;11;1501101002;;Greater Jaotola;Sibu Paler Bari;11;49;25;2;2;4;2;1;1;1;4;3;4;2;2;1;1;1;1;32
Cox`s Bazar;11;1501101003;;Greater Jaotola;Arti Boruya O Shemol Mitru o Shopon Mitu;35;135;30;2;2;4;2;1;2;2;4;3;4;2;2;2;2;2;1;37
Cox`s Bazar;11;1501101004;;Greater Jaotola;Sujit Pana Ar Bari;29;195;30;2;1;2;2;1;2;2;4;3;4;2;2;2;2;2;1;34
Cox`s Bazar;11;1501101005;;Greater Jaotola;Jafor Alom Prokas Colony;9;41;40;2;1;4;2;1;1;1;4;1;4;2;2;2;2;2;1;32
Cox`s Bazar;11;1501101006;;Greater Jaotola;Soyot Amin Ar Bari;10;50;10;2;1;4;2;1;2;2;4;2;4;4;2;2;2;2;1;37
Cox`s Bazar;11;1501101007;;Greater Jaotola;Antas Member Ar Bari;30;135;43;3;2;4;2;1;2;1;4;3;4;2;2;1;2;1;1;35
Cox`s Bazar;11;1501101008;;Greater Jaotola;Abul Kasheam Ar Bari;10;45;43;2;1;4;2;1;1;2;4;2;4;2;1;1;2;2;1;32
Cox`s Bazar;11;1501101009;;Greater Jaotola;Sattar Ghor (Masjeed Goli) Colony;15;70;25;2;1;4;2;1;1;1;4;1;4;2;2;1;2;2;1;31
Cox`s Bazar;11;1501101010;;Greater Jaotola;Hindu Para;50;225;60;2;1;2;1;1;1;1;4;3;4;2;1;1;1;2;1;28
Cox`s Bazar;11;1501102001;;East Baharchara Kabita Chattar Road;Md. Hossain Ripon;20;90;20;2;1;4;1;1;1;1;4;2;4;2;1;1;3;2;1;31
Cox`s Bazar;11;1501102002;;East Baharchara Kabita Chattar Road;Poschim Bagorchor (Kobita Chottor Road);350;1575;30;1;1;3;1;1;1;2;4;3;2;2;1;1;3;2;1;29
Cox`s Bazar;11;1501102003;;East Baharchara Kabita Chattar Road;Khaler Purbo Pashe;50;220;30;1;1;3;1;1;1;1;2;3;3;1;1;1;3;2;1;26
Cox`s Bazar;11;1501103001;;East Baharchara Model Road;Mohila Madrasa Pinkider Bari;11;60;12;1;1;3;1;1;1;1;4;3;3;2;1;1;1;2;1;27
Cox`s Bazar;11;1501103002;;East Baharchara Model Road;Balika Madrasa Road Bagan;15;70;8;1;1;1;1;1;1;1;2;2;2;2;1;1;1;1;1;20
Cox`s Bazar;11;1501103003;;East Baharchara Model Road;Prachim Bahar Chara Sabaiel Road;100;450;50;2;3;4;3;1;2;3;4;3;3;2;4;2;4;4;4;48
Cox`s Bazar;11;1501103004;;East Baharchara Model Road;Baharchora Bazar Hindu Para;15;70;50;2;1;4;2;1;1;2;4;3;3;2;4;2;4;4;4;43
Cox`s Bazar;11;1501103005;;East Baharchara Model Road;Bahar Chora Sonlogno Bira Magar;8;35;50;3;1;4;2;1;1;2;4;3;3;3;1;1;1;2;1;33
Cox`s Bazar;11;1501104001;;South Baharchara;Mondo Bahar Chori Purbo Dek;15;75;70;2;1;4;2;1;2;2;4;3;3;2;4;2;4;4;4;44
Cox`s Bazar;11;1501104002;;South Baharchara;Modhom Bahar Chori Councilor Road;50;230;70;2;3;4;3;2;2;2;4;3;3;2;4;2;4;4;4;48
Cox`s Bazar;11;1501104003;;South Baharchara;Ahammad Sorok Modhom Bahar;60;280;70;2;3;4;2;1;2;2;4;3;3;2;4;2;4;4;4;46
Cox`s Bazar;11;1501104004;;South Baharchara;Dokhin Bahar Chora LGED Voboner Sonlogno;50;230;70;3;3;4;2;1;2;2;4;3;3;2;4;2;4;4;4;47
Cox`s Bazar;11;1501105001;;South Kabarsthan Para;Koboresthan Para;350;1375;50;1;1;4;1;1;1;1;4;3;2;2;1;1;3;2;1;29
Cox`s bazar;12;1501203001;;Soikot Para;Adorsho para ( Poromanu Shokti Commisionar Pichona);45;230;45;2;3;4;2;4;3;2;4;4;4;3;4;2;3;4;4;52
Cox`s bazar;12;1501203002;;Soikot Para;Roshid r Bari;5;22;30;4;4;4;4;4;4;4;4;4;4;3;4;2;4;4;4;61
Cox`s bazar;12;1501204001;;Chor Para;Shigal para;180;720;25;1;1;2;1;2;2;1;1;3;2;2;1;1;3;1;1;25
Cox`s bazar;12;1501205001;;Adorsho Gram;Uttor Adorsho Gram Shaddamr Bari;19;95;28;2;1;4;3;2;2;2;4;4;2;3;3;3;3;3;3;44
Cox`s bazar;12;1501205002;;Adorsho Gram;Uttor Adorsho Gram Nasir R Bari;32;176;28;3;1;4;2;3;3;2;4;4;4;4;3;2;4;3;3;49
Cox`s bazar;12;1501205003;;Adorsho Gram;Uttor Adorsho Gram korim R Bari;16;80;28;2;1;4;2;3;2;3;4;4;4;4;4;2;2;4;4;49
Cox`s bazar;12;1501205004;;Adorsho Gram;Uttor Adorsho Gram Ayesha R Bari;32;130;28;2;1;4;1;4;2;1;4;3;4;2;4;2;3;4;4;45
Cox`s bazar;12;1501205005;;Adorsho Gram;Uttor Adorsho Gram Dolal R Bari;18;100;28;2;1;2;1;3;2;1;4;3;3;4;4;1;4;2;4;41
Cox`s bazar;12;1501205006;;Adorsho Gram;Uttor Adorsho Gram Taslimar  Bari;20;100;28;2;1;4;1;2;4;1;4;4;4;4;4;1;1;4;4;45
Cox`s bazar;12;1501205007;;Adorsho Gram;Uttor Adorsho Gram Morshidar Bari;95;475;28;2;1;4;1;3;3;2;4;4;2;3;2;2;3;3;3;42
Cox`s bazar;12;1501206001;;Light House;Light House( Dhokin Para);18;72;30;2;3;4;2;4;4;3;4;4;4;3;4;2;1;3;3;50
Cox`s bazar;12;1501206002;;Light House;Kintergarden r Dhokin Pas;20;100;25;2;1;4;2;4;3;3;4;4;4;3;3;2;3;4;4;50
Cox`s bazar;12;1501206003;;Light House;Bodiul Alom r Bari Kintergarden Schoolr Pichona;20;100;17;2;2;4;2;2;3;1;4;4;3;3;2;1;3;4;4;44
Cox`s bazar;12;1501206004;;Light House;Bag Ghona Purbo;100;400;40;2;3;4;2;3;3;1;4;4;3;3;4;1;3;4;4;48
Cox`s bazar;12;1501206005;;Light House;Amin Hossain Sou Para;50;250;55;2;2;4;2;3;2;1;4;4;3;2;4;1;1;4;4;43
Cox`s bazar;12;1501206006;;Light House;Fatema Ghona Purbo;100;400;45;4;3;4;2;3;3;4;4;4;4;2;4;1;4;4;4;54
Cox`s bazar;12;1501207001;;Modhom KolaToli;Fatemadar Bari;6;42;80;1;1;4;1;3;1;2;4;2;1;4;4;1;4;4;4;41
Cox`s bazar;12;1501207002;;Modhom KolaToli;Islam Dar Bari;50;170;100;3;4;3;1;4;4;2;4;3;2;4;4;2;4;4;4;52
Cox`s bazar;12;1501207003;;Modhom KolaToli;Bokshuborar Bari;20;100;10;3;1;2;1;3;4;3;3;2;2;4;4;3;4;4;4;47
Cox`s bazar;12;1501207004;;Modhom KolaToli;Hasmot Ali Dar para;12;60;25;2;2;4;1;3;1;1;4;2;4;3;4;2;4;4;4;45
Cox`s bazar;12;1501208001;;Modhom Para;Md.Abu Kalam Bari;12;60;43;1;1;4;4;3;4;1;4;3;3;4;4;1;4;4;1;46
Cox`s bazar;12;1501208002;;Dhokin Para;Hoti Borar R Bari;25;150;50;1;1;4;2;4;4;1;4;3;3;2;4;3;4;4;4;48
Cox`s bazar;12;1501208003;;Dhokin Para;Boro Mia dar Bari;50;300;45;2;2;4;1;3;3;1;4;2;2;4;4;2;4;4;4;46
