Ward;Mahalla Name;Settlement Name;Match ID
1;Hazi Para;Muchir Mor;10101001
1;Hazi Para;Haz Para;10101002
1;Hazi Para;Rurbo Chowra Para;10101003
1;Hazi Para;Dokhin Chowrapara;10101004
1;Hazi Para;Dokhin Chowra Para Lotif Saheb Ar Bari;10101005
1;Hazi Para;School Para;10101006
1;Hazi Para;Dofiq Member Para;10101007
1;Kutiyalpara;Bala Para;10102001
1;Kutiyalpara;CO Bari;10102002
1;Kutiyalpara;Purbo Bala Para;10102003
1;Kutiyalpara;OMR Master Para;10102004
1;Seat Uttom;Purbo Para;10103001
1;Seat Uttom;Biduatary;10103002
1;Seat Uttom;Sokerer Bari;10103003
1;Purbo Monthona;Lal Brige;10104001
1;Purbo Monthona;Vatia Para;10104002
1;Purbo Monthona;Primary School Para;10104003
1;Purbo Monthona;Poschim Tary;10104004
1;Purbo Monthona;Mistri Para;10104005
1;Purbo Monthona;Bala Tary;10104006
1;Purbo Monthona;Abashon;10104007
1;Monthona;Tanari Para;10105001
1;Monthona;Khamar Para;10105002
1;Monthona;Majarer Par;10105003
1;Monthona;Akijer Pichone;10105004
1;Monthona;Vort Tary;10105005
1;Monthona;Gorer Par;10105006
1;Monthona;Vuriar Tari;10105007
1;Gangahari;School Er Par;10106001
1;Gangahari;Tali Para;10106002
1;Ranachandi Sheikhpara;Bala Para;10107001
1;Ranachandi Jummapara;Aminul Para;10108001
1;Ranachandi Jummapara;Jumma Para;10108002
1;Ranachandi Jummapara;Dhoni Para;10108003
1;Ranachandi Jummapara;Chawra Para;10108004
1;Ranachandi Jummapara;Ray Para;10108005
1;Monddhopara;Safa Hazi Para;10109001
1;Monddhopara;Rajakar Para;10109002
1;Monddhopara;Moulove Soylovi Para;10109003
1;Monddhopara;Moulove Dokhin Para;10109004
1;Doctor Para;Baodiyar Mor;10110001
1;Doctor Para;Sultan Doctor Er Bari;10110002
1;Doctor Para;Liyakot Er Bari;10110003
1;Monahar Chawrapar;Vokto Para;10111001
1;Monahar Chawrapar;Babul Para;10111002
1;Ranachandi Mondolpara;Monohor Chowrapara Masjeed Par;10112001
1;Ranachandi Mondolpara;Mondol Para;10112002
1;Monthona Mondolpara;Vangnir Para;10114001
1;Monthona Mondolpara;Mondol Para;10114002
2;Goalu;Choray Dabri;10201001
2;Goalu;Purbo Goalu;10201002
2;Purbo Abhiram Doctor Para;Babor Ali Adorsho Para-1;10202001
2;Purbo Abhiram Doctor Para;Babor Ali Adorsho Para-2;10202002
2;Purbo Abhiram;Bamon Para;10203001
2;Purbo Abhiram;Bamon Para Bazar;10203002
2;Purbo Abhiram;Bamon Para Digir Par;10203003
2;Purbo Baroghoria;Antoram Digir Par;10204001
2;Poschim Baroghoria;Poschim Baroghoria Baitul Aman Jame Masjeed;10205001
2;Horiram-Piroj;Horiram-Piroj-1;10206001
2;Horiram-Piroj;Horiram-Piroj-2;10206002
2;Horiram-Piroj;Purbo Horiram Piroj-1;10206003
2;Horiram-Piroj;Borobari Horiram Piroj;10206004
2;Horiram-Piroj;Purbo Horiram Piroj-2;10206005
2;Uttorpara, Chowrapara, Baoipara;Kalartari, Baoipara;10207001
2;Uttorpara, Chowrapara, Baoipara;Masud Alir Bari, Baoipara;10207002
2;Uttorpara, Chowrapara, Baoipara;Baoipara Eidgah Moydan, Chowrapara;10207003
2;Uttorpara, Chowrapara, Baoipara;Dogarpar, Uttorpara;10207004
2;Moddho Abhiram Sukanchoki;Abhiram Pakar Matha, Jumma Para;10208001
2;Moddho Abhiram Sukanchoki;Sukan Choki Sorkar Tari;10208002
2;Moddho Abhiram Sukanchoki;Moddho Abhiram, Muktijodha Ohidar Master;10208003
2;Moddho Abhiram Sukanchoki;Abhiram Sotiser Tari;10208004
2;Monohor;Monohor Bondher Tari (Poschim Para);10209001
2;Monohor;Monohor Bazer;10209002
2;Monohor;Monohor Babu Para;10209003
2;Monohor;Bokkor Member Para;10209004
3;Niyamot;Sadiqul Islam Boshoty;10301001
3;Niyamot;Motiwur Rahman Boshoty;10301002
3;Niyamot;Titul Ar Boshoty;10301003
3;Niyamot;Monjurul Rahman (Vuttu);10301004
3;Niyamot;Shahin (Sarker);10301005
3;Niyamot;Karim Uddin;10301006
3;Niyamot;Ruhul Amin Badol;10301007
3;Niyamot;Single Mujibur Rahman;10301008
3;Niyamot;Md. Rubel Islam Boshoty;10301009
3;Purbo Para;Uttam Purbo Para-1;10302001
3;Purbo Para;Uttam Purbo Para-2;10302002
3;Purbo Para;Sahid Mistry Bagan Bari;10302003
3;Purbo Para;Basunia Para;10302004
3;Purbo Para;Mahfuj Boshoty;10302005
3;Purbo Para;Dhaltaiya Para;10302006
3;Baroghoria;Khamar Para-1;10303001
3;Baroghoria;Khamar Para-2;10303002
3;Baroghoria;New Munsi Para;10303003
3;Baroghoria;Basunia Masjid;10303004
3;Baroghoria;Al Falah School Para;10303005
3;Master Para;Taslim Uddin Para;10304001
3;Master Para;Nurbanur Dokan;10304002
3;Uttorpara;Dhilar Para-1;10305001
3;Uttorpara;Md. Atier Mia;10305002
3;Uttorpara;Sultari Mia;10305003
3;Betar Para;Hayir Tari;10306001
3;Betar Para;Alam Doctor Area;10306002
3;Betar Para;Robiul Islam;10306003
3;Kellabondo/Kuthir Par;Md. Rakib Mia;10307001
3;Kellabondo/Kuthir Par;Md. Anamul Boshoty;10307002
3;Kellabondo/Kuthir Par;Juljalal Hujur Ar Boshoty;10307003
3;Kellabondo/Kuthir Par;Md. Zamal Mia Ar Boshoty;10307004
3;Bania Para;Shamsul Hujr Ar Boshoty-1;10308001
3;Bania Para;Shamsul Hujr Ar Boshoty-2;10308002
3;Bania Para;Md. Janab Ali Ar Boshoty;10308003
3;Bania Para;Nurn Nabi (Bidduthi-1);10308004
3;Bania Para;Nurn Nabi (Bidduthi-2);10308005
3;Bania Para;Ashik Ali Ar Boshoty;10308006
3;Bania Para;Amzad(Munshi);10308007
3;Bania Para;Bargoria Govt. Primury School;10308008
3;Bania Para;Bipul (ASP)-1;10308009
3;Bania Para;Bipul (ASP)-2;10308010
3;Bania Para;Shafianil (Driver)-1;10308011
3;Bania Para;Shafianil (Driver)-2;10308012
4;Jalchattra;Buddir Bazar;10401001
4;Jalchattra;Jalchattra Jame Masjeed;10401002
4;Jalchattra;Pocher Trai;10401003
4;Jalchattra;Dighir Par;10401004
4;Jalchattra;Gusso Gram;10401005
4;Jalchattra;Chowdhuri Para;10401006
4;Jalchattra;Shorker Par;10401007
4;Jalchattra;Burirthan;10401008
4;Jalchattra;Goutomer Khamar;10401009
4;Amasu Colony;Purbo Colony;10402001
4;Amasu Colony;Kukrul Purbo Para;10402002
4;Amasu Colony;Dokkir Para Bottola;10402003
4;Amasu Kukrul;Kaimaguli Kukrul, Variya Para;10403001
4;Amasu Kukrul;Santo Para Aziz Road;10403002
4;Amasu Kukrul;Moddho Para, Zoddar Road;10403003
4;Amasu Kukrul;Moddho Kukrul Hyder Mistry Goli;10403004
4;Kaiyaguli Kukrul;Uttar Para;10404001
4;Kaiyaguli Kukrul;Goutom Er Khamar;10404002
4;Kaiyaguli Kukrul;Buriyal Ar Mor;10404003
4;Sardarpara And Hazipara;Vata Bari, Sardarpara;10405001
4;Sardarpara And Hazipara;Vatiya Tary;10405002
4;Sardarpara And Hazipara;Safi Member, Jamal Hossain;10405003
4;Sardarpara And Hazipara;Akter Mor, Paglir Mazar;10405004
4;Sardarpara And Hazipara;Anowarul Neta, Mofijul Islam;10405005
4;Khatkhatia Taltola;Khatkhatia;10406001
4;Khatkhatia Taltola;Adorsho Purbo Para;10406002
4;Khatkhatia Taltola;Monir Khalifa (Master Para);10406003
4;Khatkhatia Taltola;Mashankura;10406004
4;Khatkhtia Atiatari;Nilkontho;10407001
4;Khatkhtia Atiatari;Athera Tary Kali Mandir;10407002
4;Khatkhtia Atiatari;Dhap Para;10407003
4;Pakar Matha Master Para;Atiya Tary, Muhammadpur, Nur Muhammad;10408001
4;Pakar Matha Master Para;Muhammadpur, Seven Ar Basha;10408002
4;Pakar Matha Master Para;Paka Matha, Manu Begum, Chadni;10408003
5;Taltala;Moubon Vatar Para Bosti;10501001
5;Khatkhotia Purbopara;Burail Para/ Master Para;10502001
5;Khatkhotia Purbopara;Obgojir Bazar Bosti;10502002
5;Khatkhotia Purbopara;Khatkhotia Purbp Para/ Ahle Hadis Jame Masjeed Bosty;10502003
5;Sheikhpara;Teli Tary;10503001
5;Sheikhpara;Kasia Tary;10503002
5;Sheikhpara;Master More;10503003
5;Sheikhpara;Araji Bala Kumar;10503004
5;Togdar Para;Poydor Sheikhpara;10504001
5;Togdar Para;Digir Par;10504002
5;Togdar Para;Togdar Para Area;10504003
5;Harati (South);Harati Modho Para;10505001
5;Harati (South);Harati Dpkhin Para;10505002
5;Harati (South);Dhorir More (Hindu Para);10505003
5;Harati (North);Kosu Tari Dhokhin Para;10506001
5;Harati (North);Kosu Tari;10506002
5;Harati (North);Kosu Tari Uttar Para;10506003
5;Harati (North);Kosu Tari Chirman Home;10506004
5;Harati (North);Harati Poschim Hindu Para;10506005
5;Chowmuhuni (Kholeya Para);Kholeya Uttor Para Masjeed Bosti;10507001
5;Chowmuhuni (Kholeya Para);Poshuram Khaleya;10507002
5;Chowmuhuni (Kholeya Para);Poshuram Khaleya Poschim Para Bosti;10507003
5;Chiler Jhar;Hindu Para Bosti;10508001
5;Chiler Jhar;Kali Mondir Bosty;10508002
5;Chiler Jhar;Boro Mosjeed Bosty;10508003
5;Chiler Jhar;Fakirgonj Bosty;10508004
5;Chiler Jhar;Shamlar Bazar Guchogram;10508005
5;Chiler Jhar;Kholeya Dokhin Para Bosty;10508006
6;Sabek Councilor Para;Robindro Barir Pashe;10601001
6;Sabek Councilor Para;Kuchlarpar-1;10601002
6;Sabek Councilor Para;Kuchlarpar-2;10601003
6;Sabek Councilor Para;Dokkhin Chobbish Hazari (Vejaler Dokaner Alaka);10601004
6;Fokirapara & Feluyapara;Kaji Bari Ar Pashe;10602001
6;Fokirapara & Feluyapara;Rakhar Bari Ar Pashe;10602002
6;Fokirapara & Feluyapara;Chowdhury Barir Pashe;10602003
6;Fokirapara & Feluyapara;Akash Buri;10602004
6;Fokirapara & Feluyapara;Dokhin Fokir Para Masjeed Ar Pashe;10602005
6;Fokirapara & Feluyapara;Councilor Ar Bashar Uttor Pashe;10602006
6;Fokirapara & Feluyapara;Councilor Ar Barir Dokhin Pashe;10602007
6;Poschim Kobaru (Pathan Para);Motin Bari;10603001
6;Poschim Kobaru (Pathan Para);Mojibor Bari;10603002
6;Poschim Kobaru (Pathan Para);Luco Bari;10603003
6;Poschim Kobaru (Pathan Para);Afchar Bari;10603004
6;Poschim Kobaru (Pathan Para);Fozol Mistry Bari;10603006
6;Poschim Kobaru (Pathan Para);Soruj Mocer Bari;10603007
6;Poschim Kobaru (Pathan Para);Mijan Ar Boshoty;10603008
6;Chabbis Hazari Adorshopara/ Dolapara;Shiv Mandir Hindu Para;10604001
6;Chabbis Hazari Adorshopara/ Dolapara;Dola Para Purbo Chobbish Hajari;10604002
6;Chabbis Hazari Adorshopara/ Dolapara;Loknath Polli;10604003
6;Chabbis Hazari Adorshopara/ Dolapara;Loknath Polli;10604004
6;Chabbis Hazari Adorshopara/ Dolapara;Alsiyar Mor;10604005
6;Chabbis Hazari Adorshopara/ Dolapara;Alsiyar Mor;10604006
6;Chabbis Hazari Adorshopara/ Dolapara;Late. Bokk Munshi Barir Uttor Pashe;10604007
6;Bahadur Singh;Saju Mistry/ Cot Para;10605001
6;Bahadur Singh;Chukhur Barir Pichon Poschim Pashe;10605002
6;Bahadur Singh;Lal Mithu Bari Master Para;10605003
6;Moddho Kobaru;Lichu Bagan Ar Boshoty;10606001
6;Moddho Kobaru;Kalu Bari Boshoty;10606002
6;Moddho Kobaru;Jalil Bari;10606003
6;Goyalbari/Ameshor/Uttor Kobaru;Ajijul Sarkar/ Hindu Para;10607001
6;Goyalbari/Ameshor/Uttor Kobaru;Sultan Bari;10607002
6;Goyalbari/Ameshor/Uttor Kobaru;Boshir Master Bari;10607003
6;Goyalbari/Ameshor/Uttor Kobaru;Anisul Bari;10607004
6;Goyalbari/Ameshor/Uttor Kobaru;Alfoj Bari;10607005
6;Goyalbari/Ameshor/Uttor Kobaru;Ahamal Bari;10607006
6;Goyalbari/Ameshor/Uttor Kobaru;Mojnu Miya;10607007
6;Goyalbari/Ameshor/Uttor Kobaru;Enamul Haq;10607008
6;Uttor Bahadur Singh;Fokirapara/ Muktarer Barir Pashe;10608001
6;Uttor Bahadur Singh;Ahadul Barir Pashe;10608002
6;Moddho Bahadur Singh;Nurul Haq Dealer;10609001
6;Moddho Bahadur Singh;Foridul Islam Bari;10609002
6;Moddho Bahadur Singh;Abdullah Master Bari;10609003
7;Gulal Badhai;Banger Chowra Boshoty;10701001
7;Gulal Badhai;Gulal Budhai Digol Tary Boshoty;10701002
7;Gulal Badhai;Gulal Budhai Aka Tary Boshoty;10701003
7;Gulal Badhai;Jom Chowra Noya Tary Boshoty;10701004
7;Badhai;Kamarer Da Boshoty;10702001
7;Badhai;Noya Bazar Boshoty;10702002
7;Badhai;Budhai Babu Tary Boshoty;10702003
7;Badhai;Budhai Noya Bazar;10702004
7;Badhai;Budhai Mowlavi Para Boshoty;10702005
7;Benughat;Benghat Dokhin Para Boshoty;10703001
7;Benughat;Digrpara Uttonpar Boshoty;10703002
7;Benughat;Chowrahat Dokhin Para Boshoty;10703003
7;Benughat;Chowrahat Boshoty-1;10703004
7;Benughat;Chowrahat Boshoty-2;10703005
7;Benughat;Benugat Purbo Para;10703006
7;Boksa;Boksa Dorgarpar;10704001
7;Boksa;Boksa Jame Masjeed Boshoty;10704002
7;Horirammol;Horiram Mol Purbopara Boshoty;10705001
7;Horirammol;Horiram Mol Boshoty;10705002
7;Topodhon;Topodhon Hori  Mondir Boshoty;10706001
7;Moynakuthi;Moyna Kuthi;10707001
7;Moynakuthi;Moyna Kuthi Purbopara;10707002
7;Dalalipara;Dalali Para Uttor Para Boshoty;10708001
7;Koipara;Koipara Colony Boshoty;10709001
7;Koipara;Molati Tary Boshoty;10709002
7;Koipara;Budai Mowlavi Para Boshoty;10709003
8;Karthik (North);Moddho Karthik;10801001
8;Karthik (North);Kesamat Monse Para;10801002
8;Karthik (North);Cort Karthik;10801003
8;Karthik (North);Kesamat Poschim Para;10801004
8;Karthik (North);Karthik Kharia Tary;10801005
8;Karthik (South);Atharo Dhon Nama Tary;10802001
8;Karthik (South);Atharo Dhon;10802002
8;Karthik (South);Atharo Dhon Uttor Tary;10802003
8;Karthik (South);Karthik Pat-2, Sarkar Tary;10802004
8;Karthik (South);Dokkhin Karthik Poschim;10802005
8;Karthik (South);Azizul School Dokkhin Karthik;10802006
8;Karthik (South);Dokkhin Karthik Rengoler Math;10802007
8;Chand Khuti;Atharo Dhon Purbo Para;10803001
8;Chand Khuti;Atharo Dhon;10803002
8;Chand Khuti;Teli Tary;10803003
8;Chand Khuti;Shad Bazar (Dokkhin Anso);10803004
8;Chand Khuti;Teli Tary;10803005
8;Chand Khuti;Anech Tary, Doctor Para;10803006
8;Chand Khuti;Sarkar Para;10803007
8;Chand Khuti;Chad Kuti Purbo Para, 42 Dhon;10803008
8;Chand Khuti;Guccho Gram;10803009
8;Chand Khuti;Chand Kuti School Para;10803010
8;Chand Khuti;Chand Kuti Moddho Para;10803011
8;Chand Khuti;Poschim Para;10803012
8;Babhu Kamal;Badhu Kamola Poschim Para;10804001
8;Babhu Kamal;Vatia Para;10804002
8;Babhu Kamal;Badhu Kamola Bosty;10804003
8;Babhu Kamal;Sha Para;10804004
8;Babhu Kamal;Sha Para (Poschim Para);10804005
8;Arazi;Purbo Para;10805001
8;Arazi;Poschim Para;10805002
8;Arazi;Mowlove Para;10805003
8;Mahabbat Khan;Sit Mahabat Kha Boshoty;10806001
8;Mahabbat Khan;Purbo Para Boshoty;10806002
8;Mahabbat Khan;Monde Para Boshoty;10806003
8;Mahabbat Khan (Umar Kuti);Tan Para Boshoty;10807001
8;Khalisha Kuri-1;Taly Tary Boshoty;10808002
9;Kisamat Para;Monur Para (Alu);10901001
9;Kisamat Para;Bangkar Monu;10901002
9;Kisamat Para;Sahapara Motheber Para;10901003
9;Kisamat Para;Sahapara Jagitary;10901004
9;Kisamat Para;Bahar Kasna Mozid Market;10901005
9;Kisamat Para;Mudi Khana;10901006
9;Kisamat Para;Shahpara Mosjider Para;10901007
9;Jummatari;Teli Para Uttor Masjeedir Pashe;10902001
9;Jummatari;Teli Para Khas Math;10902002
9;Jummatari;New Master Para;10902003
9;Jummatari;Hazir Khamar;10902004
9;Jummatari;Councilor Office Ar Pichone (Daway Tary);10902005
9;Jummatari;Teli Para Poschim Pashe;10902006
9;Jummatari;Teli Para Dokkhin Pashe;10902007
9;Ramgobindratari;Kali Mandir;10903001
9;Ramgobindratari;Hindu Para Poschim;10903002
9;Ramgobindratari;Tepa Tary;10903003
9;Ramgobindratari;Aponpara;10903004
9;Chilman Purbopara;Purbopara Masjeed Mor;10904001
9;Chilman Purbopara;Kachna Tukutary-2;10904002
9;Chilman Purbopara;Baniatary;10904003
9;Chilman Purbopara;Sarkar Tary;10904004
9;Chilman Moddho Para;Nurul Huda Boshoty;10905001
9;Chilman Moddho Para;Adul Hadi Boshoty (Radio);10905002
9;Chilman Moddho Para;Rustom Ali;10905003
9;Chilman Moddho Para;Kagoj (Aminul);10905004
9;Chilman Moddho Para;Kachna Tukitary-1;10905005
9;Chilman Moddho Para;Khokoner Barir Pichone;10905006
9;Khalishakuri;Khalisakuri Hat;10906001
9;Khalishakuri;Nazir Decorator;10906002
9;Shahebgonj;Mafu Pion;10907001
9;Shahebgonj;Shah Alam;10907002
9;Shahebgonj;Faruk Mia;10907003
9;Bircharan;Md. Anarul Islam;10908001
9;Bircharan;Prothab Master;10908002
9;Bircharan;Md. Abu Mia;10908003
9;Bircharan;Barek Boshoty;10908004
9;Sonalipara;Md. Raza Mia Boshoty;10909001
9;Sonalipara;Md. Nur Islam;10909002
9;Sonalipara;Md. Anapul Islam;10909003
9;Sonalipara;Md. Ringku Mia;10909004
9;Sonalipara;Mrs. Nur Nahar;10909005
9;Bahar Kachna Hazi Para;Hazi Para;10910001
9;Bahar Kachna Hazi Para;Teptary Masjeed Ar Par;10910002
9;Bahar Kachna Hazi Para;Bangi Tary;10910003
9;Bahar Kachna Hazi Para;Shobhan Tary;10910004
10;Poschim Gilabari;Kalla Khawer Tari;11001001
10;Poschim Gilabari;Degol Tari;11001002
10;Poschim Gilabari;Dhorar Pae;11001003
10;Purbo Gilabari;Haider Member Para;11002001
10;Purbo Gilabari;Bagha Para;11002002
10;Purbo Gilabari;Chowra Para;11002003
10;Baktarpur(Uchatari);Uttar Uchatari;11003001
10;Baktarpur(Uchatari);Dokhin Pathan Para;11003002
10;Baktarpur (Ghaterpar Poschimpara);Ghater Par;11004001
10;Baktarpur (Ghaterpar Poschimpara);Mahrir Mor;11004002
10;Baktarpur (Ghaterpar Poschimpara);Machoya Para;11004003
10;Baktarpur (Ghaterpar Poschimpara);Khan Para;11004004
10;Purbo Jagadishpur;Shorder Para;11005001
10;Purbo Jagadishpur;Purbo Jagadishpur (Hintho Para);11005002
10;Purbo Jagadishpur;Purbo Jagadishpur(Dokhin Para);11005003
10;Purbo Jagadishpur;Purbo Jagadishpur(Danger Tari);11005004
10;Moddho Jagadispur;Bala Para;11006001
10;Moddho Jagadispur;Battola Hindu Para;11006002
10;Moddho Jagadispur;Dukdugir Biat Hindu Para (Dokhin);11006003
10;Moddho Jagadispur;Jagodish Pur Shapara;11006004
10;Moddho Jagadispur;Teli Para;11006005
10;Poschim Jagadispur;Darar Per;11007001
10;Poschim Jagadispur;Botthola Jagodish Pur;11007002
10;Poschim Jagadispur;Jagodish Pur;11007003
10;Poschim Jagadispur;Mondoll Para;11007004
10;Poschim Jagadispur;Bani Tari;11007005
10;Poschim Gilabari (Kaibarta Para);Koibortho Para;11008001
10;Poschim Gilabari (Kaibarta Para);Der Halia;11008002
11;Binnatari;Adorsho gram;11101001
11;Moddho Binnatari;Moddhopara;11102001
11;Moddho Binnatari;Masterpara;11102002
11;Moddho Binnatari;Bania Para;11102003
11;Dokkhin Binnatari;Jummapara;11103001
11;Dokkhin Binnatari;Ghatpara;11103002
11;Dokkhin Binnatari;Gangerpar;11103003
11;Uttor Binnatari;Dalaltary;11104001
11;Uttor Binnatari;Mayatali;11104002
11;Uttor Binnatari;Mirpara;11104003
11;Utta Kamdabpur;Poschim Para;11105001
11;Utta Kamdabpur;Mohot Para;11105002
11;Utta Kamdabpur;Purbo Para;11105003
11;Utta Kamdabpur;Jumma Para;11105004
11;Danght;Danghat Er Mor;11106001
11;Dokkhin Kamdabpur;Master Para;11107001
11;Dokkhin Kamdabpur;Uttor Para;11107002
11;Dokkhin Kamdabpur;Majpara;11107003
11;Dokkhin Kamdabpur;Dokkhin Para;11107004
11;Dokkhin Kamdabpur;Purbo Para;11107005
11;Poschim Rajendrapur;Khanpara;11108001
11;Poschim Rajendrapur;Tat Para;11108002
11;Shalmara;Bilerpar;11109001
11;Shalmara;Shoid Er Mor;11109002
11;Shalmara;Bazar Par;11109003
11;Azimpur;Azimpur;11110001
11;Kamarpar;Goalpara;11111001
11;Mostobpur;Napit Para;11112001
11;Mostobpur;Piajir Mor;11112002
11;Purbo Rajendrapur;Master Para;11113001
11;Purbo Rajendrapur;Mondirpara;11113002
11;Hori Mondirpara;Mondirpara-1;11114001
11;Hori Mondirpara;Bazar Para;11114002
11;Hori Mondirpara;Chatal Para;11114003
11;Hori Mondirpara;Dhorar Para;11114004
12;Masterpara;Sribash Kamar (Roy Para);11201001
12;Masterpara;Naresh (Masua) Roy Para;11201002
12;Masterpara;Profullo Roy (Roy Para);11201003
12;Masterpara;Kasi Roy (Roy Para);11201004
12;Masterpara;Kazi Mia (College Para);11201005
12;Masterpara;Fazlu Miah (School Para);11201006
12;Masterpara;ENU Nikari (Bala Para);11201007
12;Masterpara;Tobarak Hossain Bablu (Boksi Para);11201008
12;Gopinathpur;Saiful/ Raja Para;11202001
12;Gopinathpur;Azizar Monjjin Para;11202002
12;Gopinathpur;Dr.Mofijul Chowdhory Para;11202003
12;Gopinathpur;Dulal Master Para;11202004
12;Gopinathpur;Abdul Hai/ Soto Miah Para;11202005
12;Gopinathpur;Dula Stall Para;11202006
12;Gopinathpur;Badia Para;11202007
12;Gopinathpur;Chowdhory Para;11202008
12;Parkhi Frandra;Upendro (Master Para);11203001
12;Parkhi Frandra;Badol Para;11203002
12;Parkhi Frandra;Sobod Para;11203003
12;Parkhi Frandra;Kmon Para;11203004
12;Parkhi Frandra;Abdul Mannan (Boksipara);11203005
12;Parkhi Frandra;Dulal Para;11203006
12;Parkhi Frandra;Jogodish Barman (Sutar Para);11203007
12;Parkhi Frandra;Bhulu Barman;11203008
12;Parkhi Frandra;Nitta Barman (Khamar Para);11203009
12;Parkhi Frandra;Pori Barman (Khamar Para);11203010
12;Parkhi Frandra;Subol Barmanpur;11203011
12;Jalkaria;Moslem (Muyajiner Bari);11204001
12;Jalkaria;Ruhul Amin Bari;11204002
12;Jalkaria;Jelhar Member;11204003
12;Jalkaria;Sakir Bari;11204004
12;Jalkaria;Suit Ar Bari;11204005
12;Jalkaria;Jillur Rahman;11204006
12;Jalkaria;Bipul Chondro Shil;11204007
12;Jalkaria;Kasem Bazar;11204008
12;Bhobanipur;Guccho Gram;11205001
12;Bhobanipur;Sofiqul Ar Bari;11205002
12;Bhobanipur;Asader Bari;11205003
12;Bhobanipur;Sultan;11205004
12;Bhobanipur;Shajahan;11205005
12;Bhobanipur;Montaj;11205006
12;Bhobanipur;Anoyara;11205007
12;Bhobanipur;Nojrul Islam;11205008
12;Chok Isabpur;Abu Said Para;11206001
12;Chok Isabpur;Community Clinic;11206002
12;Chok Isabpur;Noya Mia Para;11206003
12;Chok Isabpur;Sadikul Para;11206004
12;Poschim Gopinathpur;Shomser Doctor;11207001
12;Poschim Gopinathpur;Toyab Ali Para;11207002
12;Poschim Gopinathpur;Samin Para;11207003
12;Poschim Gopinathpur;Hindu Para;11207004
12;Poschim Gopinathpur;Comiunity Clinic Para;11207005
12;Purbo Gopinathpur;Manju Sir;11208001
12;Purbo Gopinathpur;Jahid Journaliet;11208002
12;Purbo Gopinathpur;Dram Siddik Para;11208003
12;Purbo Gopinathpur;Sultan/ Alom Para;11208004
12;Poschim Radha Krisnapur;Bala Para;11209001
12;Poschim Radha Krisnapur;Nizabuddi Park;11209002
12;Poschim Radha Krisnapur;Chowdhury Para;11209003
12;Poschim Radha Krisnapur;Rofiqul Para;11209004
12;Purbo Radha Krisnapur;Roton Councilor;11210001
12;Purbo Radha Krisnapur;Moksu Driver;11210002
12;Purbo Radha Krisnapur;Majeder Bari;11210003
12;Purbo Radha Krisnapur;Majeder Bari;11210004
12;Purbo Radha Krisnapur;Safiul Alam;11210005
12;Khenpara;Hindu Para-1;11211001
12;Khenpara;Hindu Para-2;11211002
12;Khenpara;Hindu Para -3;11211003
13;Pirzabad;Bottolar Mor;11301001
13;Pirzabad;Moja Member Ar Para;11301002
13;Pirzabad;North Haria Para;11301003
13;Pirzabad;Haria Para;11301004
13;Pirzabad;Primary School Ar Mor;11301005
13;Pirzabad;BRAC Primary School Ar Mor;11301006
13;Jugipara;Ucha Gram;11302001
13;Jugipara;Jugitari;11302002
13;Jugipara;Bepari Para;11302003
13;Shommanipur Purbo;Dangi Para;11303001
13;Shommanipur Purbo;Hareya Park;11303002
13;Shommanipur Purbo;Mokrullah Para;11303003
13;Shommanipur Purbo;Moddho Shommanipara;11303004
13;Shommanipur Purbo;Mia Para;11303005
13;Shommanipur Purbo;Shommoanipur;11303006
13;Shommanipur Purbo;Bala Para;11303007
13;Holarpukur;Holkar Para;11304001
13;Holarpukur;Kona Tary;11304002
13;Holarpukur;Holar Pukur Madrasha Tary;11304003
13;Holarpukur;Gabtoli;11304004
13;Holarpukur;Gabtoli Madhan Kholar Math;11304005
13;Holarpukur;Boro Moydan Math;11304006
13;Shommanipur Poschim;Abjer Tary;11305001
13;Shommanipur Poschim;Bala Para;11305002
13;Shommanipur Poschim;Monir Tary;11305003
13;Shommanipur Poschim;Shommanipur Bottola;11305004
13;Shommanipur Poschim;Gabtoli Bottola;11305005
13;Shommanipur Poschim;Moherur Mor;11305006
13;Boro Moydan;Boro Moydan Eid Gha;11306001
13;Boro Moydan;Damuddor Shatghoriya;11306002
13;Boro Moydan;Pramonik Para;11306003
13;Boro Moydan;Chowdhury Para;11306004
13;Nishibetgonj;West Pirjabad/ Bepary Para;11307001
13;Nishibetgonj;Choto Moydan/ Bepari Para;11307002
13;Nishibetgonj;Labur Mil;11307003
13;Nishibetgonj;Rohmot Para Koshay Potty;11307004
13;Nishibetgonj;Shutar Tary;11307005
13;Nishibetgonj;Tale Tary;11307006
13;Nishibetgonj;Faksia Tary;11307007
13;Nishibetgonj;Munshir Mor;11307008
14;Dangipar(Dolapara);North Dangirpar;11401001
14;Dangipar(Dolapara);South Dangir Para;11401002
14;Dangipar(Dolapara);Deodoba;11401003
14;Pathan Para;Nodir Par;11402001
14;Pathan Para;Chand Kuty;11402002
14;Pathan Para;Baniapara Labour Dokan;11402003
14;Pathan Para;Pathan Para Jame Masjeed;11402004
14;Moddho Deodoba & Paikar Para;Paikar Bazar Jame Masjeed;11403001
14;Moddho Deodoba & Paikar Para;South Paikar Para;11403002
14;Moddho Deodoba & Paikar Para;Hindu Para Amzad Dokan;11403003
14;Moddho Deodoba & Paikar Para;Mukta Para;11403004
14;Moddho Deodoba & Paikar Para;Morich Tary;11403005
14;Moddho Deodoba & Paikar Para;Mukta Para Hindu Para;11403006
14;Moddho Deodoba & Paikar Para;Deadoba More Poschim Para;11403007
14;Moddho Deodoba & Paikar Para;Deodoba Jamali Govt. Primary School;11403008
14;Moddho Deodoba & Paikar Para;Moddho Deodoba;11403009
14;Nekarpara;Councilor House;11404001
14;Nekarpara;Chander Bari;11404002
14;Nekarpara;Moddho Nakerpara;11404003
14;Nekarpara;Bosti;11404004
14;Nekarpara;Shahdatar Mor;11404005
14;Nekarpara;Lal Miar Bari;11404006
14;Nekarpara;Rinkur Bari;11404007
14;Nekarpara;Ajadular Bari;11404008
14;Purbo Borobari, Morchtari & Dararpar;Salam House;11405001
14;Purbo Borobari, Morchtari & Dararpar;Abdul Mojid House;11405002
14;Purbo Borobari, Morchtari & Dararpar;Ajghar Tary;11405003
14;Purbo Borobari, Morchtari & Dararpar;Haji Samsul;11405004
14;Borobari, Hindu Para & Sarkar Para;Hindu Para;11406001
14;Borobari, Hindu Para & Sarkar Para;Robin Member House;11406002
14;Borobari, Hindu Para & Sarkar Para;Momdel Sorkar Para;11406003
14;Shingmari & Chawlipara;Morsad Mia;11407001
14;Shingmari & Chawlipara;Anam Mia;11407002
14;Shingmari & Chawlipara;Zahadul Mia;11407003
14;Shingmari & Chawlipara;Nur Nossain;11407004
14;Munshipara & Moddho Monohorpur;Munshipara;11408001
14;Munshipara & Moddho Monohorpur;Mister Bari;11408002
14;Munshipara & Moddho Monohorpur;Bakha Hamidul Moddho Monohorpur;11408003
14;Munshipara & Moddho Monohorpur;Julfer Hazi;11408004
14;Munshipara & Moddho Monohorpur;Shemul House;11408005
14;Monohorpur & Poschimpara;Rustom Master;11409001
14;Monohorpur & Poschimpara;Afsar Doctor;11409002
14;Monohorpur & Poschimpara;Akbar Mistere;11409003
15;Binodpur;Binodpur Tatul Tola;11501001
15;Binodpur;Shaju Member Ar Boshoty;11501002
15;Binodpur;Mondoler Boshoty;11501003
15;Horirampur;Sumoner Dokaner Boshoty;11502001
15;Horirampur;Mohobar Member AR Boshoty;11502002
15;Horirampur;Narayan Ar Boshoty;11502003
15;Horirampur;Hamiz Ar Boshoty;11502004
15;Akkelpur;Cilmari Para Mananer Boshoty;11503001
15;Akkelpur;Rafiqul Deoyanir Boshoty;11503002
15;Akkelpur;Mofiz Deoyanir Boshoty;11503003
15;Akkelpur;Jitin Ar Boshoty;11503004
15;Fatehpur;Md. Kashem Mia At Boshoty Fatepur High School Ar Pichone;11504005
15;Fatehpur;Lalmohon Durga Mondir Ar Sathe Boshoty;11504006
15;Fatehpur;M.S City Filling Station - Jogin Ar Boshoty;11504007
15;Durgapur;Sohedul Islam Ar Boshoty;11505001
15;Durgapur;Md. Amor Ali Ar Boshoty;11505002
15;Durgapur;Md. Hoshin Ali Ar Boshoty;11505003
15;Durgapur;Md. Jamal Uddain Ar Boshoty;11505004
15;Durgapur;Md. Amjed Ar Boshoty;11505005
15;Dangirpara;Borkoter Boshoty;11506001
15;Dangirpara;Imaner Tary Boshoty;11506002
15;Ghaghotpara;Masuapara (Akbor Deoyaner Boshoty);11507001
15;Ghaghotpara;Masuapara (Sohidar Deoyaner Boshoty);11507002
15;Ghaghotpara;Rustom Doctor Para;11507003
15;Ghaghotpara;Cotpara Haruner Dokan;11507004
15;Ghaghotpara;Asratpur Cotpara-1;11507005
15;Ghaghotpara;Cot Ghaghot Para Boshoty;11507006
15;Ghaghotpara;Cotpara Boshoty;11507007
15;Ghaghotpara;Balkai Patty Boshoty;11507008
15;Sutrapur;Monsur Ar Boshoty;11508001
16;Chowrapara;Upozila Eid Gha Math;11601001
16;Chowrapara;Alom Ar Goli;11601002
16;Uttor Kellabandh;Jounal Master Ar Boste;11602001
16;Uttor Kellabandh;Munsipara Masjeed Ar Pichone;11602002
16;Sardar Para;Nur Shahazan Bosty;11603001
16;Sardar Para;Azizar Colony;11603002
16;Hazi Para;Greenway School Ar Pichone;11604001
16;Hazi Para;Sahiner Barir Pashe;11604002
16;Hazi Para;Gofurer Goli;11604003
16;Hazi Para;Norther Pichone;11604004
16;Kellabondh;Alom Boshoty;11605001
16;Kellabondh;Kulkuly Para;11605002
16;Jugipara;Hazitulu School;11606001
16;Jugipara;Mondirer Pichone;11606002
16;Dokkhin Kellabandh;Tower Boshoty;11607001
16;Dokkhin Kellabandh;Jugipara Mondirer Ar Pashe;11607002
16;Dokkhin Kellabandh;Zelkhanar Pichone;11607003
16;Dokkhin Kellabandh;Sabek Councilor;11607004
16;Dhap Lal Kuthi Shymoli Lane;Shamoli Lane;11609001
16;Dhap Lal Kuthi Shymoli Lane;Police Fari;11609002
16;Dhap Lal Kuthi Shymoli Lane;Shamoli Lane Retina Center;11609003
16;Dhap Lal Kuthi Shymoli Lane;Shamoli Lane-2;11609004
16;Dhap Lal Kuthi Shymoli Lane;Lal Khuti Lane Retina Road;11609005
16;Dhat Lal Circuit House Lane;Lal Khytu Lane;11610001
16;Dhat Lal Circuit House Lane;Lal Khuti Lane;11610002
16;Dhat Lal Circuit House Lane;Postal Colony Lane;11610003
17;Pasari Para;Dhap City Bazar Ar Picha;11701001
17;Pasari Para;Pasari Para Biriz;11701002
17;Pasari Para;Pasani Para Masjeed Ar Pashe;11701003
17;Khalifapara Islambag;Bou Bazar Pukur Par;11703001
17;Khalifapara Islambag;17 No. Ward Councilor Ar Bashay Pichone;11703002
17;Khalifapara Islambag;Madrasha Boding Laki Para;11703003
17;Khalifapara Islambag;Dar Sargara Baitul Mukaram Kamil Madrasha;11703004
17;Khalifapara Islambag;Masuya Tary-1;11703005
17;Khalifapara Islambag;Hajir Tary;11703006
17;Khalifapara Islambag;Shohel;11703007
17;Shatgara;Muzibor;11704001
17;Shatgara;Habib Stor;11704002
17;Shatgara;Ratan Stor;11704003
17;Shatgara;Deban Rang Mistry;11704004
17;Shatgara;Jashna;11704005
17;Shatgara;Masuya ara -1;11704006
17;Shatgara;Masuya ara -2;11704007
17;Terminal Master Para;Sharkari Homio Chamber-1;11705001
17;Terminal Master Para;Sharkari Homio Chamber-2;11705002
17;Terminal Master Para;Master Para Jame Masjeed;11705003
17;Terminal Master Para;Napit Para;11705004
17;Terminal Master Para;Doctor Para;11705005
17;Terminal Master Para;Salgara Azim Uddain Reg. Primary School;11705006
17;Terminal Master Para;Naro Shudar Para;11705007
17;Bhaghibalapara;Jame Masjeed;11706001
17;Bhaghibalapara;Sekendar More;11706002
17;Bhaghibalapara;Montur More;11706003
17;Bhaghibalapara;Akborer More;11706004
17;Bhaghibalapara;Nasirer More;11706005
17;Bhaghibalapara;Kasem Store;11706006
17;Rampura;Al- Fata School;11707001
17;Rampura;Rampura Jame Masjeed;11707002
17;Rampura;Mukul Store;11707003
17;Rampura;Ahmmali Masjeed;11707004
17;Rampura;Norshonhe Para;11707005
17;Parbotipur;Ajid (Driver);11708001
17;Parbotipur;Sabder Ali;11708002
17;Parbotipur;Azhar (Plamber);11708003
17;Parbotipur;Boromai Dan;11708004
17;Parbotipur Master Para;Master Para-1;11709001
17;Parbotipur Master Para;Master Para-2;11709002
17;Parbotipur Master Para;Master Para-3;11709003
17;Parbotipur Master Para;Master Para-4;11709004
17;Parbotipur Master Para;Master Para-5;11709005
17;Pirjabad;Athor Rahaman;11710001
17;Pirjabad;Parati Para;11710002
17;Pirjabad;Mafajal;11710003
17;Pirjabad;Shafik;11710004
17;Pirjabad;Babu Sonar Bari;11710005
17;Shatranji;Dolal Miya;11711001
17;Shatranji;Master Para;11711002
17;Shatranji;Shatnanji Para;11711003
17;Shatranji;Sahipara;11711004
18;Satgara Mistrypara;Amena Bari Boshoty;11801001
18;Satgara Mistrypara;Farhad Boshoty;11801002
18;Satgara Mistrypara;Alar Boshoty Telirvita;11801003
18;Satgara Mistrypara;Mizanur Boshoty Telirvita;11801004
18;Satgara Mistrypara;Basher Toll;11801005
18;Satgara Mistrypara;Shonamai Boshoty;11801006
18;Satgara Mistrypara;Rotoner Boshoty;11801007
18;Mondolpara & Purbo Porjontonpara;Amer Tol Boshoty;11802001
18;Mondolpara & Purbo Porjontonpara;Miller Boshoty;11802002
18;Mondolpara & Purbo Porjontonpara;Dorbar Shorifer Boshoty;11802003
18;Munshipara;Badsha Boshoty;11803001
18;Munshipara;Rimon Boshoty;11803002
18;Munshipara;Rina Boshoty;11803003
18;Munshipara;Jorej Boshoty;11803004
18;Munshipara;Ajomer Boshoty;11803005
18;Munshipara;Anjam Boshoty;11803006
18;Munshipara;Milon Ar Boshoty;11803007
18;Keranipara;Kamuk Boshoty;11804001
18;Keranipara;Moyna Boshoty;11804002
18;Keranipara;Liton Boshoty;11804003
18;Keranipara;Rahman Boshoty;11804004
18;Keranipara;Salam Boshoty;11804005
18;Keranipara;Khirul Ar Boshoty;11804006
18;Keranipara;Faruq Ar Boshoty;11804007
18;Keranipara;Siraj Ar Boshoty;11804008
18;Keranipara;Anis Ar Boshoty;11804009
18;Keranipara;Chander Boshoty;11804010
18;Keranipara;Iqbal Ar Boshoty;11804011
18;Keranipara;Komal Ar Boshoty;11804012
18;Keranipara;Sohidul Ar Boshoty;11804013
18;Keranipara;Raju Ar Boshoty;11804014
18;Keranipara;Joynal Boshoty;11804015
19;Radha Bollab;Radha Bollab/ Chapatola Masjeed;11901001
19;Radha Bollab;Radha Bollab Chan Mari;11901002
19;Radha Bollab;Girles School;11901003
19;Dhap Engineer Para;Hakim Teli-1;11902001
19;Dhap Engineer Para;Hakim Teli-2;11902002
19;Dhap Engineer Para;Hakim Teli-3;11902003
19;Dhap Engineer Para;Hakim Teli-4;11902004
19;Dhap Shimulbag;Abul Rahim (Dokander);11903001
19;Dhap Shimulbag;Akram Driver;11903002
19;Dhap Shimulbag;Community Center;11903003
19;Dhap Shimulbag;Haki Para;11903004
19;Dhap Chikli Vata;Pakar Matha;11904001
19;Dhap Chikli Vata;Rosulpur;11904002
19;Dhap Chikli Vata;Dhap Chikli Vata;11904003
19;Dhap Chikli Vata;Dhap Chikli Vata;11904004
19;Poschim Nil Kontho;Bakkur Bridge;11905001
19;Poschim Nil Kontho;Masjeed Ar Par;11905002
19;Poschim Nil Kontho;Goodluck Mor;11905003
19;Poschim Nil Kontho;Master Para;11905004
19;Dalkor;Chiklle Park Pul Par;11906001
19;Dalkor;Saban Factory Jolkor-1;11906002
19;Dalkor;Saban Factory Jolkor-2;11906003
19;Islampur Poschim Para;Islampur Poschim Para Nuru Garage;11907001
19;Islampur Poschim Para;Army School Ar Pichone;11907002
19;Islampur Poschim Para;Rajon Bari Poschim Para;11907003
19;Islampur Poschim Para;Collect Tree Math;11907004
19;Medical Purbo Gate;Dentaler Pichone-1;11908001
19;Medical Purbo Gate;Dentaler Pichone -2;11908002
19;Medical Purbo Gate;Dentale Hospital Ar Pichone;11908003
19;Purbo Nil Kontho;Bridge Par;11909001
19;Purbo Nil Kontho;Sata Par Para;11909002
19;Purbo Nil Kontho;Bot Tolar Mor;11909003
20;Poschim Gurati Para;Munnar Goli;12001001
20;Mulator (Uttor);Jahidul;12002001
20;Mulator (Dokkhin);Shorifer Boshoty;12003001
20;Mulator (Dokkhin);Sajaner Boshoty;12003002
20;Mulator (Dokkhin);Jibonnesa;12003003
20;Mulator (Dokkhin);Shantor Boshoy;12003004
20;Mddho Gurati Para;Rafiqul;12004001
20;Mddho Gurati Para;Budur Goli;12004002
20;Munshi Para (Dokkhin);Bulbul Boshoty;12005001
20;Munshi Para (Dokkhin);Babu Boshoty;12005002
20;Munshi Para (Dokkhin);Azad Boshoty;12005003
20;Munshi Para (Dokkhin);Hera Boshoty;12005004
20;Pakpara;Alam;12006001
20;Pakpara;Akali Dokir;12006002
20;Pakpara;Shamim Boshoty;12006003
20;Pakpara;Shopon;12006004
20;Pakpara;Misthi;12006005
20;Pakpara;Nironjon Boshoty;12006006
20;Pakpara;Bala pam;12006007
20;Pakpara;Shalpy;12006008
20;Pakpara;Unis Boshty;12006009
20;Engineer Para;Arif Boshoty;12007001
20;Engineer Para;Rinqu Boshoty;12007002
20;Engineer Para;Billa Boshoty;12007003
20;Engineer Para;Tarak Boshoty;12007004
20;Engineer Para;Mona Boshoty;12007005
20;Engineer Para;Ripon Boshoty;12007006
20;Gumosto Para;Moushumi Boshoty;12008001
20;Gumosto Para;Chadni;12008002
20;Gumosto Para;Jahadul Boshoty;12008003
20;Gumosto Para;Topon Boshoty;12008004
20;Gumosto Para;Mohitos Boshoty;12008005
20;Gumosto Para;Dulal Boshoty;12008006
20;Gumosto Para;Alam Boshoty;12008007
20;Gumosto Para;Moja Boshoty;12008008
20;Thanar Mor Area;Shahadot;12009001
20;Thanar Mor Area;Romja;12009002
20;Thanar Mor Area;Khalek Harun;12009003
20;Thanar Mor Area;Ajij;12009004
20;Thanar Mor Area;Moynar Goli;12009005
21;Senpara;Rofik Boshoty;12101001
21;Senpara;Monji Boshoty;12101002
21;Senpara;Asadujjaman Milon Boshoty;12101003
21;Senpara;Muktijodha Oahidul Rahman;12101004
21;New Senpara;Boshir Uddain Boshoty;12102001
21;New Senpara;Late. Monshur Ali Boshoty;12102002
21;New Senpara;Md. Raja Boshoty;12102003
21;New Senpara;Abdus Samad Boshoty;12102004
21;New Senpara;Moklesur Rahman Vola Boshoty;12102005
21;New Senpara;Huduya Behari Boshoty;12102006
21;New Senpara;Late. Mithu Helper Boshoty;12102007
21;Hajipara Chamrapotti;Khalek;12103001
21;Hajipara Chamrapotti;Mohammad Boshoty;12103002
21;New Adoshopara;Bokul;12104001
21;New Adoshopara;Shobujer Bari;12104002
21;New Adoshopara;Afzaler Goli;12104003
21;Habibnagar;Mahamud (Bishur Mor);12105001
21;Habibnagar;Rajib Nagar Mehrab Yasin Boshoty;12105002
21;Weather Office Masterpara;Majon Miya Boshoty;12106001
21;Shantibag. College Road;21 No. Ward Rail Line Boshoty;12107001
21;Shantibag. College Road;Behind Of Electricity Office (Azgor Bari);12107002
21;Muchipotti, Shapla Chottor;Hazipara, Muchipotti;12108001
21;Karanjoya Road Mahalla;Sobehan Boshoty;12109001
21;Karanjoya Road Mahalla;Abu Taleb Boshoty;12109002
21;Karanjoya Road Mahalla;Manil Muchipotti Boshoty;12109003
22;Ganeshpur;South Ganeshpur/ Riaz Uddain Basty;12201001
22;Ganeshpur;Moddho Ganeshpur/ Dhakaia Bosty;12201002
22;Ganeshpur;Purbo Ganeshpur/ Jhasy Colony;12201003
22;Ganeshpur;Poschim Ganeshpur/ Shantipara Bosty;12201004
22;Ganeshpur;Ganeshpur Kusar Potti Basty;12201005
22;Kamarpara;Roth Mondirer Poschim Pashoborti Boshoty;12202001
22;Kamarpara;Rath Mondirer Purbo Parshoborti Boshoty;12202002
22;Bala Para;Bondhonpara Boshoty;12203001
22;Bala Para;Malekar Boshoty;12203002
22;Bala Para;Aminer Bari Boshoty;12203003
22;Bala Para;Balapara Torun Shonlogno Boshoty;12203004
22;Bala Para;Balapara Madrasha Ar Pashoborthi Boshoty;12203005
22;Uttor Babu Khan;Uttor Babu Khan Monjur Boshoty;12204001
22;Uttor Babu Khan;Uttor Babu Khan Eleyaser Boshoty;12204002
22;Uttor Babu Khan;Uttor Babu Khan Altab Boshoty;12204003
22;Poschim Babu Para;Argina Potti Boshoty;12205004
22;Moddho Babu Khan;Moddho Babu Khan Seyalutari Hak Para Boshoty;12206005
22;Dokkhin Babu Khan;Dokkhin Babu Khan Hapijul Bari Boshoty;12208001
22;Dokkhin Babu Khan;Dokkhin Babu Khan Dullal Boshoty;12208002
23;Jolkor;Jolkor;12301001
23;Jolkor;Shimultola;12301002
23;Horijonpolli;Super Colony;12302001
23;Horijonpolli;Varta Bari;12302002
23;Horijonpolli;Deayani Bari;12302003
23;Masterpara;Poschim Master Para;12303001
23;Masterpara;Master Para;12303002
23;Masterpara;Dokkhin Master Para;12303003
23;Honumontola Mahall;Honumantola Boshoty-1;12304001
23;Honumontola Mahall;Honumantola Boshoty-2;12304002
23;Poschim Jummapara;Badol Tea Store;12305001
23;Poschim Jummapara;Marua Potti;12305002
23;Sadar Hospital Area;Hossain Ali;12306001
23;Sadar Hospital Area;Sweeper Colony;12306002
23;Bedh Potti;Nobabgonj Bazar Ar Vitor Ar Boshoty;12307001
23;Dokkhin Jummapara;Mohila Shilpo Kuti;12309001
23;Moddho Jummapara;Kenel Par Tacknikal Ar Boshoty;12310001
23;Moddho Jummapara;Bihari Potti;12310002
23;Moddho Jummapara;Jummapara School Ar Matha;12310003
23;Purbo Jummapara;Bamon Danga Gomidar Bari;12311001
23;New Jummapara;Pakar Matha;12312001
23;New Jummapara;Purbo Tary;12312002
23;New Jummapara;Hazir Khamar;12312003
23;New Jummapara;Maddrasha Ar Pichone;12312004
24;Tatipara;Dola Boshoty;12401001
24;Tatipara;Mimay Boshoty;12401002
24;Tatipara;Tawer Boshoty;12401003
24;Tatipara;Shanti/ Powkot Boshoty;12401004
24;Tatipara;Munnar Boshoty;12401005
24;Tatipara;Lalchu Boshoty;12401006
24;Tatipara;Jamal Boshoty;12401007
24;Daspara;Jagotbondhu Boshoty;12402001
24;Daspara;Nazrul Boshoty;12402002
24;Daspara;Zadu Miya Boshoty;12402003
24;Daspara;Ahammad Boshoty;12402004
24;Daspara;Afzal Boshoty;12402005
24;Daspara;Mostofa Boshoty;12402006
24;Daspara;Kala Harun Boshoty;12402007
24;Bairagi Para;Gosh Boshoty;12403001
24;Bairagi Para;Khogan Boshoty;12403002
24;Bairagi Para;Dhapi Boshoty;12403003
24;Bairagi Para;Ratan Lal Boski Boshoty;12403004
24;Bairagi Para;Nural Boshoty;12403005
24;Bairagi Para;Sudir/ Ali Boshoty;12403006
24;Bairagi Para;Rajjak Boshoty;12403007
24;Bairagi Para;Shaheb Ali;12403008
24;Kamal Kachna;Monsur Boshoty;12404001
24;Kamal Kachna;Ajahar Boshoty;12404002
24;Gupttopara;Dr. Samsul;12405001
24;Gupttopara;Moynar Boshoty;12405002
24;Gupttopara;Abu Ali Potti;12405003
24;Gupttopara;Motor Malik Shomity;12405004
24;Gupttopara;Shonaly Foshol;12405006
24;Gupttopara;Muchi Potti;12405005
24;Gupttopara;Jamal Market;12405007
24;Gupttopara;Budu Babur Math;12405008
24;Monthona;Bachi Bary;12406001
25;Shalbon Mistripara;Nure Al Madina Masjeed Ar Boshoty;12501001
25;Shalbon Mistripara;Mondir Purbo Goli Boshoty;12501002
25;Shalbon Mistripara;Bala Bari Boshoty;12501003
25;Shalbon Mistripara;Mokur Dola Boshoty;12501004
25;Shalbon Mistripara;Sombai Pichone Dudur Goli Boshoty;12501005
25;New Shalbon;Kollash Math Boshoty;12502001
25;New Shalbon;Shalbon Mobazar Road Jaforer Boshoty;12502002
25;New Shalbon;Horin Press Boshoty;12502003
25;Purbo Shalbon;Beside Big Bridge Boshoty;12504001
25;Purbo Shalbon;Kherbari Boshoty Ar Purbo Boshoty;12504002
25;Purbo Shalbon;Kherbari Boshoty;12504003
25;Purbo Shalbon;Purbo Shalbon Kherbari Boshoty;12504004
25;Purbo Shalbon;Bottola Hatiranga Bridge Beside;12504005
25;Purbo Shalbon;Bottola Kayomer Ar Boshoty;12504006
25;Purbo Shalbon;Bottola Kayom Para Boshoty;12504007
25;Shalbon Shahipara;Shalbon Sahipara Rokeya College Ar Pichone;12505001
25;Central Road Mahalla;Central Road City College Boshoty;12506001
25;Kamal Kachna;Beside Bottola Masjeed;12507001
25;Kamal Kachna;Darga Burir Jayga;12507002
25;Kamal Kachna;Nuton Para ASOD Goli-1;12507003
25;Kamal Kachna;Kamal Kachna ASOD Goli-2;12507004
26;Nurpur;Lovelu Islam Boshoty;12601001
26;Nurpur;Maynis Slum;12601002
26;Nurpur;Pappus Slum;12601003
26;Nurpur;Samad`s Slum;12601004
26;Nurpur;Nurpur Primary School;12601005
26;Nurpur;Babla Ar Boshoty;12601006
26;Nurpur;Jharuputty;12601007
26;Nurpur;Sornar Pas;12601008
26;Nurpur;Gyangriho School;12601009
26;Thikadarpara Jame Masque;Latif Contructor Slum;12603001
26;Thikadarpara Jame Masque;Pakhi Contructor;12603002
26;Thikadarpara Jame Masque;Becon Area;12603003
26;Thikadarpara Jame Masque;CNB Area;12603004
26;Mohadebpur;Popli;12604001
26;Mohadebpur;Laizu;12604002
26;Mohadebpur;S.O Boshoty;12604003
26;Mohadebpur;Sattar Sir Ar Boshoty;12604004
26;Mohadebpur;Santo;12604005
26;Mohadebpur;Mozibor;12604006
26;Mohadebpur;Lokman Para;12604007
26;Mohadebpur;Mokbul Doctor;12604008
26;Mohadebpur;Aher Ali;12604009
26;Mohadebpur;Hamid Ar Boshoty;12604010
26;Mohadebpur;Nodi;12604011
26;Mohadebpur;Nahid Ar Boshoty;12604012
26;Mondolpara;Juwal;12605001
26;Mondolpara;Vandari;12605002
26;Mondolpara;Kalam Pukur;12605003
26;Mondolpara;Farida;12605004
26;Mondolpara;Mohasin;12605005
26;Mondolpara;Manna Mondol;12605006
26;Mondolpara;Rostom;12605007
26;Robertsongonj;Farista Hossiry;12606001
26;Robertsongonj;Horin;12606002
26;Robertsongonj;Hema;12606003
26;Robertsongonj;Talis;12606004
26;Robertsongonj;Mostofa;12606005
26;Robertsongonj;Babla;12606006
26;Robertsongonj;Farida;12606007
26;Robertsongonj;Balal;12606008
26;Patbari Mahalla;Hamid Molla;12607001
26;Patbari Mahalla;Shafi;12607002
26;Patbari Mahalla;Parhbari Moshjid Rail;12607003
26;Patbari Mahalla;Dhakaiya Mahalla;12607004
26;T.B. Hospital Mahalla;Babu Dokandar;12608001
26;T.B. Hospital Mahalla;Tajhat T.B Hospital Boshoty;12608002
26;Adorshopara;Adorshopara-1;12609001
26;Adorshopara;Adorshopara-2;12609002
26;Adorshopara;Adorshopara-3;12609003
26;Helal Jute Press Mahalla;Helal Jute Press Mahalla-1;12610001
26;Helal Jute Press Mahalla;Helal Jute Press Mahalla-2;12610002
26;Railway Bosoti;Railway Bosoti;12611001
27;Pirpur;Babu Ji;12701001
27;Pirpur;Golzar;12701002
27;Pirpur;Keramotiya Majar;12701003
27;Pirpur;Anamul;12701004
27;Pirpur;Humayun;12701005
27;Pirpur;Lokman;12701006
27;Pirpur;Sahajahan;12701007
27;Pirpur;Borhanul;12701008
27;Pirpur;Khokon;12701009
27;Pirpur;An Juman Hussain Masjeed;12701010
27;Aziz Nagar Colony;Ahad Brathers Ar Mor;12702001
27;Aziz Nagar Colony;Masjeed Ar Mor;12702002
27;Aziz Nagar Colony;Sakil Sabek Councilor;12702003
27;Aziz Nagar Colony;Liton Juwelars School Goli;12702004
27;Aziz Nagar Colony;Ajij Nagar Colony B Camo;12702005
27;Aziz Nagar Colony;Akram Councilor;12702006
27;Aziz Nagar Colony;Sahajadi Goli;12702007
27;Aziz Nagar Colony;Munna Store;12702008
27;Aziz Nagar Colony;Ajij Nagar C Camp;12702009
27;Aziz Nagar Colony;Kaiyum Goli;12702010
27;Aziz Nagar Colony;Nuruu Goli;12702011
27;Banani Para;Masjeed Mor;12703001
27;Banani Para;Anguri;12703002
27;Banani Para;Bonani A Camp;12703003
27;Khamar;Noyakhali Potti-1;12704001
27;Khamar;Noyakhali Potti-2;12704002
27;Khamar;Pan Walar Goli;12704003
27;Salfet Camp;Hasem Chairman;12705001
27;Salfet Camp;Akter Khori;12705002
27;Salfet Camp;Putul;12705003
27;Muslimpara;Tower;12706001
27;Muslimpara;Muslim Para Jame Masjeed;12706002
27;Muslimpara;Sabir Hossain;12706003
27;Muslimpara;Vutna Bari;12706004
27;Muslimpara;Imam Bara;12706005
27;Muslimpara;Pani Tanki;12706006
27;Ispahani 2 No Camp;Ispahani Camp No.2;12707001
27;Ispahani 2 No Camp;Vola;12707002
27;Ispahani 2 No Camp;Boknadia Jame Masjeed;12707003
27;Huda Camp;Binnu Hazi Bari;12708001
27;Huda Camp;Minar Monu;12708002
27;Churi Potti;Shimultola Lainpar;12709001
27;Churi Potti;Mahbuber Goli;12709002
27;Churi Potti;Raile Boshoty;12709003
27;Churi Potti;Churi Potti;12709004
27;Babu Para;Sordar Mahalla;12710001
27;Babu Para;Aslam Hazi;12710002
27;Babu Para;Munshi Potti;12710003
27;Babu Para;Monglur Bari;12710004
27;Babu Para;Rahatiner Goli;12710008
27;Babu Para;Nilar Bari;12710005
27;Babu Para;Sweeper Potti;12710006
27;Babu Para;Babu Sonar Bari;12710007
28;Earshadnagar, Chokbazar, Moddho Asratpur, Court Para, Eidgahpara & Chiniapara;Belal (Current Mistri);12801001
28;Earshadnagar, Chokbazar, Moddho Asratpur, Court Para, Eidgahpara & Chiniapara;Tuku (Ven Puller);12801002
28;Earshadnagar, Chokbazar, Moddho Asratpur, Court Para, Eidgahpara & Chiniapara;Shuku Mia (Dokandar);12801003
28;Earshadnagar, Chokbazar, Moddho Asratpur, Court Para, Eidgahpara & Chiniapara;Aziz Principle;12801004
28;Earshadnagar, Chokbazar, Moddho Asratpur, Court Para, Eidgahpara & Chiniapara;Lavlu Bakari;12801005
28;Earshadnagar, Chokbazar, Moddho Asratpur, Court Para, Eidgahpara & Chiniapara;Mohilur Driver;12801006
28;Earshadnagar, Chokbazar, Moddho Asratpur, Court Para, Eidgahpara & Chiniapara;Zelal Bepari;12801007
28;Earshadnagar, Chokbazar, Moddho Asratpur, Court Para, Eidgahpara & Chiniapara;Nesar Ahmed;12801008
28;Earshadnagar, Chokbazar, Moddho Asratpur, Court Para, Eidgahpara & Chiniapara;Romjan Dokander;12801009
28;Earshadnagar, Chokbazar, Moddho Asratpur, Court Para, Eidgahpara & Chiniapara;Roshid Dokander;12801010
28;Earshadnagar, Chokbazar, Moddho Asratpur, Court Para, Eidgahpara & Chiniapara;Amjad Master;12801011
28;Earshadnagar, Chokbazar, Moddho Asratpur, Court Para, Eidgahpara & Chiniapara;Nojrul Master;12801012
28;Earshadnagar, Chokbazar, Moddho Asratpur, Court Para, Eidgahpara & Chiniapara;Chalek Dokander;12801013
28;Earshadnagar, Chokbazar, Moddho Asratpur, Court Para, Eidgahpara & Chiniapara;Meri Quality School;12801014
28;Earshadnagar, Chokbazar, Moddho Asratpur, Court Para, Eidgahpara & Chiniapara;Chokbazar Koboresthan;12801015
28;Shajapur, Dhakaiya Para, Uttor Asratpur & Tajhata Ansari Mor;Popi Stor;12802001
28;Shajapur, Dhakaiya Para, Uttor Asratpur & Tajhata Ansari Mor;DOFS;12802002
28;Shajapur, Dhakaiya Para, Uttor Asratpur & Tajhata Ansari Mor;Mukti Joddha Foyajar;12802003
28;Shajapur, Dhakaiya Para, Uttor Asratpur & Tajhata Ansari Mor;Kalipod;12802004
28;Shajapur, Dhakaiya Para, Uttor Asratpur & Tajhata Ansari Mor;Bellal Hotel;12802005
28;Shajapur, Dhakaiya Para, Uttor Asratpur & Tajhata Ansari Mor;Saiful Stor;12802006
28;Shajapur, Dhakaiya Para, Uttor Asratpur & Tajhata Ansari Mor;Sadek Ali Store;12802007
28;Ansari Mor, Helal Press, Adorshopara, Lichu Bagan, Bihari Para, Mollahpara & Amlla Potti (Tajhat);Saban Factory;12803001
28;Ansari Mor, Helal Press, Adorshopara, Lichu Bagan, Bihari Para, Mollahpara & Amlla Potti (Tajhat);Purbo Amlla Potti;12803002
28;Ansari Mor, Helal Press, Adorshopara, Lichu Bagan, Bihari Para, Mollahpara & Amlla Potti (Tajhat);Helal Mudi Dokan;12803003
28;Ansari Mor, Helal Press, Adorshopara, Lichu Bagan, Bihari Para, Mollahpara & Amlla Potti (Tajhat);Bokkho Badhi Hospital Pichon Pas;12803004
28;Ansari Mor, Helal Press, Adorshopara, Lichu Bagan, Bihari Para, Mollahpara & Amlla Potti (Tajhat);Hasan;12803005
28;Ansari Mor, Helal Press, Adorshopara, Lichu Bagan, Bihari Para, Mollahpara & Amlla Potti (Tajhat);Tajhat Puraton Jame Masjeed;12803006
28;Ansari Mor, Helal Press, Adorshopara, Lichu Bagan, Bihari Para, Mollahpara & Amlla Potti (Tajhat);Abdul Baten;12803007
28;Ansari Mor, Helal Press, Adorshopara, Lichu Bagan, Bihari Para, Mollahpara & Amlla Potti (Tajhat);Tajhat Dolapara;12803008
28;Ansari Mor, Helal Press, Adorshopara, Lichu Bagan, Bihari Para, Mollahpara & Amlla Potti (Tajhat);Tajhat Baitul Salam Jame Masjeed;12803009
28;Ansari Mor, Helal Press, Adorshopara, Lichu Bagan, Bihari Para, Mollahpara & Amlla Potti (Tajhat);Poltu Sir Godown (Hindu Para);12803010
28;Ansari Mor, Helal Press, Adorshopara, Lichu Bagan, Bihari Para, Mollahpara & Amlla Potti (Tajhat);Alhari Mor(Helal Prom);12803011
28;Kherbari, Sultan Nagor, Lalbag & Shantibag;Railgate Par Boshoty;12804001
28;Kherbari, Sultan Nagor, Lalbag & Shantibag;Akbaria Masjeed;12804002
28;Kherbari, Sultan Nagor, Lalbag & Shantibag;Rishan Himadar;12804003
28;Kherbari, Sultan Nagor, Lalbag & Shantibag;Al Masjeed Chatrabash;12804004
28;Kherbari, Sultan Nagor, Lalbag & Shantibag;Kherbari Majar;12804005
28;Kherbari, Sultan Nagor, Lalbag & Shantibag;Aisa Store;12804006
28;Kherbari, Sultan Nagor, Lalbag & Shantibag;VIP Road;12804007
28;Kherbari, Sultan Nagor, Lalbag & Shantibag;Kherbari Puraton Masjeed;12804008
28;Kherbari, Sultan Nagor, Lalbag & Shantibag;Kherbari Eidgha Math;12804009
28;Kherbari, Sultan Nagor, Lalbag & Shantibag;Sultan Nagor Jame Masjeed;12804010
28;College Para, Uttor Para, Mollapara, Al-Hazz Nagor, Mollapara & Alhaznagor;Awrongzeb Boshoty;12805001
28;College Para, Uttor Para, Mollapara, Al-Hazz Nagor, Mollapara & Alhaznagor;Manik Ullah;12805002
28;College Para, Uttor Para, Mollapara, Al-Hazz Nagor, Mollapara & Alhaznagor;Sojid Kormochary;12805003
28;College Para, Uttor Para, Mollapara, Al-Hazz Nagor, Mollapara & Alhaznagor;Jolil Secritary;12805004
28;College Para, Uttor Para, Mollapara, Al-Hazz Nagor, Mollapara & Alhaznagor;Sadek;12805005
28;College Para, Uttor Para, Mollapara, Al-Hazz Nagor, Mollapara & Alhaznagor;Horijon Somprodhay;12805006
28;College Para, Uttor Para, Mollapara, Al-Hazz Nagor, Mollapara & Alhaznagor;Mamun Tary;12805007
28;College Para, Uttor Para, Mollapara, Al-Hazz Nagor, Mollapara & Alhaznagor;Darus Takuya Began Madrasha;12805008
28;College Para, Uttor Para, Mollapara, Al-Hazz Nagor, Mollapara & Alhaznagor;Baitul Mokarrom Masjeed;12805009
28;College Para, Uttor Para, Mollapara, Al-Hazz Nagor, Mollapara & Alhaznagor;Mollapara Jame Masjeed;12805010
28;College Para, Uttor Para, Mollapara, Al-Hazz Nagor, Mollapara & Alhaznagor;Munna Tary Shutki Godown;12805011
29;Kala Bari;Rangpurai Para;12901001
29;Kala Bari;Miya Para;12901002
29;Kala Bari;Dhakaya Para;12901003
29;Kala Bari;Chandur More-2;12901004
29;Kala Bari;Chandur More-3;12901005
29;Kala Bari;Poschim Para;12901006
29;Kala Bari;Uttor Kalabari-1;12901007
29;Kala Bari;Uttor Kalabari-2;12901008
29;Kala Bari;Line Gate;12901009
29;Kala Bari;Line Oper;12901010
29;Godasimla (Rat Bari);Rath Bari Jame Masjeed;12902001
29;Godasimla (Rat Bari);Rath Bari Mondir Par;12902002
29;Godasimla (Rat Bari);Rath Bari Mor;12902003
29;Godasimla (Rat Bari);Godashimla Scholl Par;12902004
29;Godasimla (Rat Bari);Chandure More;12902005
29;Godasimla (Rat Bari);Haji Para;12902006
29;Godasimla (Rat Bari);Godashimla (Hindu Para);12902007
29;Godasimla (Rat Bari);Rath Bari Basti;12902008
29;Khudro Rangpur;Brac School Sonlogno;12903001
29;Khudro Rangpur;Khudro Rangpur-1;12903002
29;Khudro Rangpur;Hayear Tari;12903003
29;Khudro Rangpur;Chondibari;12903004
29;Khudro Rangpur;Khontikar Tari;12903005
29;Goshaibari;Mollah Auto Rice Mills (Hindu Para-2);12904001
29;Goshaibari;Pakar Maatha;12904002
29;Goshaibari;Chondi Bari;12904003
29;Goshaibari;Hindu Para;12904004
29;Goshaibari;College Road;12904005
29;Goshaibari;College Pichon Get;12904006
29;Dewantuli;Dewantuli (Bosty);12905001
29;Dewantuli;Bottola;12905002
29;Dewantuli;Dewantuli-3;12905003
29;Dewantuli;Boro Bary;12905004
29;Dewantuli;Dewantuli (Jame Masjeed);12905005
29;Dewantuli;Taqsar Digi;12905006
29;Dewantuli;Mondir Bari;12905007
29;Koshaituli;Mostafiz Er Boshoty;12906001
29;Koshaituli;Mondot Para;12906002
29;Koshaituli;Abu Saleh;12906003
29;Koshaituli;Jame Masjeed Sonlogno;12906004
29;Koshaituli;Boshir Mollah;12906005
29;Chack Bazar;New Chack Bazar;12907001
29;Dhumkhatia;Taltola;12908001
29;Dhumkhatia;Mahigonj Tari;12908002
29;Dhumkhatia;Rajessor Mondir Aria Dhumkhatia;12908003
29;Dhumkhatia;Dhumkhatia Boshoty;12908004
29;Mahiganj;Mahigonj Bottola;12909001
29;Mahiganj;Afan Ullah Road;12909002
29;Mahiganj;Paresnath Mondir Road;12909003
29;Mahiganj;Fakirtuli;12909004
29;Mahiganj;Chack Bazar;12909005
29;Mahiganj;Mahigonj Govt. Primary School Aria;12909006
29;Mahiganj;Mahigonj Bangobondhu Aria;12909007
29;Mahiganj;Shatiar Mor;12909008
29;Mahiganj;Chaul Potti;12909009
29;Mahiganj;Kobi Para;12909010
29;Fotehpur;Dhumkhatia -1;12910001
29;Fotehpur;Akra;12910002
29;Fotehpur;Noya Khali Para;12910003
29;Fotehpur;Dhola Mia Bari;12910004
29;Fotehpur;Fotehpur (Hindu Para);12910005
29;J.B Sen Road;Bamon Dongga-1;12911001
29;J.B Sen Road;Bamon Dongga-2;12911002
29;J.B Sen Road;J.B Sen Road;12911003
29;J.B Sen Road;Dimla Hindu Para;12911004
29;J.B Sen Road;Kanan Gotla Masjeed ar Par;12911005
29;Boro Rangpur (Dimla, Kanan Gotla);Kalibari;12912001
29;Boro Rangpur (Dimla, Kanan Gotla);Boro Rangpur;12912002
29;Boro Rangpur (Dimla, Kanan Gotla);Dimla Raj Bari;12912003
29;Boro Rangpur (Dimla, Kanan Gotla);Pastari;12912004
30;Kutir Para;Joynal Sir Ar Boshoty;13001001
30;Kutir Para;Joynal Hazir Boshoty;13001002
30;Kutir Para;Haque Master Ar Boshoty;13001003
30;Kutir Para;Angur Miah Ar Boshoty;13001004
30;Kutir Para;Abul Miah Ar Boshoty;13001005
30;Kutir Para;Jahanggir Ar Boshoty;13001006
30;Botla;Roton Mia Ar Boshoty;13002001
30;Botla;Botta Bosty Road;13002002
30;Dokhiganj;Rashid Mia Ar Boshoty;13003001
30;Dokhiganj;Golgar Hossain Ar Boshoty;13003002
30;Dokhiganj;Sattar Mollah Ar Boshoty;13003003
30;West Khasbag;Charmathar More Halimer Bari;13004001
30;West Khasbag;West Khasbag Khoker Dokan Ar Boshoty;13004002
30;West Khasbag;Khabag Uccha  Briger Daner Goly Boshoty;13004003
30;East Khasbag;East Khasbag Montu Potty Boshoty;13005001
30;East Khasbag;East Khasbag Patla Potty Ar Boshoty;13005002
30;East Khasbag;East Khasbag Nodir Par Boshoty;13005003
30;G.L Roy Road;Sonibari Boshoty;13006001
30;G.L Roy Road;Shawtal Adibashi Boshoty;13006002
30;G.L Roy Road;Shatmatha Rail Line Boshoty;13006003
30;G.L Roy Road;Shatmatha Seiper Colony Boshoty;13006004
30;Birvodro & Balatari;Birvodro Bala Tary;13007001
30;Birvodro & Balatari;Bala tary Kadir Vahiar Boshoty;13007002
30;Birvodro & Balatari;Birvodro Azam Comisonar Ar Bari;13007003
30;Birvodro & Balatari;Birvodro Mohesh Khali Zongjol Boshoty;13007004
30;Nachnia (Ambari);Nachnia Polli Boshoty;13008001
30;Nachnia (Ambari);Ambari Hafez Saheber Boshoty;13008002
30;Nachnia (Ambari);Nachnia Railgate Sultan Master Ar Boshoty;13008003
30;Nachnia (Ambari);Nachnia Mondol Ar Boshoty;13008004
30;Nachnia (Ambari);Nachnia Motin Miyar Boshoty;13008005
31;Kishamotbishu;Poschim Para;13101001
31;Kishamotbishu;Kishamotbishu, Purbo Para;13101002
31;Kishamotbishu;Gaibanda Para;13101003
31;Kishamotbishu;Nazir Digar Noya Para;13101004
31;Nazir Digar Poschim Para;Kola Para;13102001
31;Nazir Digar Poschim Para;Poschim Para;13102002
31;Nazir Digar Poschim Para;Chandu Member Ar Alaka;13102003
31;Nazir Digar Moddho;Indrar Mor;13103001
31;Nazir Digar Moddho;Doctor Para;13103002
31;Nazir Digar Moddho;Sorkar Para;13103003
31;Nazir Digar Moddho;Patari Bari;13103004
31;Nazir Digar Dokhin And Bidiban;Mather Par;13104001
31;Nazir Digar Dokhin And Bidiban;Masjeed Para;13104002
31;Nazir Digar Dokhin And Bidiban;Golam Mostofer Bari;13104003
31;Nazir Digar Dokhin And Bidiban;Bashur Bari;13104004
31;Nazir Digar Dokhin And Bidiban;Khasvita;13104005
31;Nazir Digar Dokhin And Bidiban;Biddiban;13104006
31;Purbo Nazir Digar;Shatghori Para;13105001
31;Purbo Nazir Digar;Mailanar Mor;13105002
31;Purbo Nazir Digar;Nazir Digar Tary;13105003
31;Purbo Nazir Digar;Vokram;13105004
31;Silimpur Moddhopara And Bharatpara;Bharatpara;13106001
31;Silimpur Moddhopara And Bharatpara;Milimpur;13106002
31;Silimpur Moddhopara And Bharatpara;Munshir Tary;13106003
31;Silimpur Moddhopara And Bharatpara;Dangar Tary;13106004
31;Silimpur Dararpar;Dararpar;13107001
31;Silimpur Dararpar;Boro Bari Dararpar;13107002
31;Silimpur Dararpar;Uttor Tary Dararpar;13107003
31;Silimpur Dararpar;Boyej Ar Tary;13107004
31;Silimpur Dararpar;Gheghar Tary;13107005
31;Araji Dhormodas;Araji Dhormodas-1;13108001
31;Araji Dhormodas;Araji Dhormodas-2;13108002
31;Araji Dhormodas;Araji Dhormodas-3;13108003
31;Araji Dhormodas;Araji Dhormodas-4;13108004
31;Araji Dhormodas;Araji Dhormodas-5;13108005
31;Khamarpara;Purbo Para;13109001
31;Khamarpara;Khamarpara-1;13109002
31;Khamarpara;Khamarpara-2;13109003
31;Moddhopara, Hindupara, Zarbari;Moddhopara;13110001
31;Moddhopara, Hindupara, Zarbari;Zarbari;13110002
31;Moddhopara, Hindupara, Zarbari;Hindu Para;13110003
31;Sheikhpara, Shikhari Uttor, Dorarpara;Shekari Para Tary/ Madrasha Para;13111001
31;Sheikhpara, Shikhari Uttor, Dorarpara;Dhora Para;13111002
31;Sheikhpara, Shikhari Uttor, Dorarpara;Hijara Mor;13111003
31;Sheikhpara, Shikhari Uttor, Dorarpara;Moddho Shekh Para;13111004
31;Moddho And Vokram Sheikhpara;Shekhpara Koborsthan Mor;13112001
31;Moddho And Vokram Sheikhpara;Dokhin Tary;13112002
31;Moddho And Vokram Sheikhpara;Shekh School;13112003
31;Moddho And Vokram Sheikhpara;Vokram Para;13112004
31;Dokhin Sheikhpara;Dokhin Shekh Para;13113001
32;Boro Rangpur;Dimla Hori Mondir Boshoty;13201001
32;Boro Rangpur;Ohab Mia Bari Boshoty;13201002
32;Boro Rangpur;Hamit Mia Bari Boshoty;13201003
32;Boro Rangpur;Mohirir Barir Pashe Boshoty;13201004
32;Boro Rangpur;Moynar Bari Pash Boshoty;13201005
32;Boro Rangpur;Lutfor Master Barir Pase Boshoty;13201006
32;Arazi Tampat;Mukti Joddha Abdul Rowf Barir Boshoty;13202001
32;Arazi Tampat;Armi Abdul Mannan Ar Bari;13202002
32;Arazi Tampat;abdul Basar  er Bari Sonlogno Boshoty;13202003
32;Arazi Tampat;Mendir Bari Pashe Boshoty;13202004
32;Nagar Mirganj;Mirganj Unian Porishoba Ar Pichoner Boshoty;13203001
32;Nagar Mirganj;Kandura Telir Bari;13203002
32;Nagar Mirganj;Kajol Baparir Bari Boshoty;13203003
32;Nagar Mirganj;Foni Doctor Ar Bari Sonlogno Boshoty;13203004
32;Nagar Mirganj;Mojibor Master Ar Bari Sonlog Boshoty;13203005
32;Nagar Mirganj;Chaorman Puraton Bari Boshoty;13203006
32;Nagar Mirganj;Shamim Cncilor Ar Bari Sonlogno;13203007
32;Nagar Mirganj;Pasari Bari Boshoty;13203008
32;Nagar Mirganj;Moni Member ar Bari;13203009
32;Nagar Mirganj;Mtin BSC Bari Boshoty;13203010
32;Khudra Tempat & Taluktampat;Jalhaker Bari Boshoty;13204001
32;Khudra Tempat & Taluktampat;Badsha Nagor Boshoty;13204002
32;Khudra Tempat & Taluktampat;Mollapara Rahmaner Bari Boshoty;13204003
32;Khudra Tempat & Taluktampat;Sardar Para Ismailer Bari Boshoty;13204004
32;Khudra Tempat & Taluktampat;Sorayer tol Sagorpara Boshoty;13204005
32;Khudra Tempat & Taluktampat;Khurdatampat Moddho Para Bosoty;13204006
32;Dharmadas-1;Kuthipara Boshoty;13205001
32;Dharmadas-1;Dhumma Burar Bari Boshoty;13205002
32;Dharmadas-1;Soleyar Bari Boshoty;13205003
32;Dharmadas-1;Safikul Mamar Bari Boshoty;13205004
32;Dharmadas-1;Konapara Baro Aulia Boshoty;13205005
32;Dharmadas-1;Kader Master Ar Bari Boshoty;13205006
32;Dharmadas-1;Mather Par Boshoty;13205007
32;Dharmadas-2;Muhammadpur Dharmadas Lakkhan Para Boshoty;13206001
32;Dharmadas-2;Lakkhan Para Atour Hazir Bari Boshoty;13206002
32;Dharmadas-2;Muslim Para Nazrul Driver Bari Boshoty;13206003
32;Dharmadas-3;Chowpara Lakkhan Para Boshoty;13207001
32;Dharmadas-3;Neza Hazir Boshoty;13207002
32;Dharmadas-3;Mogolerbag Santipara Boshoty;13207003
32;Dharmadas-3;Moholerbag Chowkider Para Boshoty;13207004
33;Kondro Rangpur;Teka Tare;13301001
33;Kondro Rangpur;Modho Para;13301002
33;Kondro Rangpur;Topar Tary;13301003
33;Kondro Rangpur;Tale Tary;13301004
33;Kondro Rangpur;Lichur Tola;13301005
33;Kondro Rangpur;NareCal Tol;13301006
33;Azizullah;Munshi Para;13301007
33;Arazi Mankhamar;Sore Ar Tol;13302001
33;Arazi Mankhamar;Jorindra Para;13302002
33;Arazi Mankhamar;Choto Rangpur;13302003
33;Arazi Mankhamar;Kha Bari;13302005
33;Mohindra;Kazi Sahab Bari;13303001
33;Mohindra;South Mohindra;13303002
33;Mohindra;South Mohindra School;13303003
33;Mohindra;Mohindra Modho Para;13303004
33;Mohindra;Sordar Tary-1;13303005
33;Mohindra;Sordar Tary-2;13303006
33;Bokchi;Pukurpar Primary School;13304001
33;Bokchi;Surjo Kumar Kali Mandir;13304002
33;Bokchi;Siraj Moddho Bokchi;13304003
33;Bokchi;Bokchi Bottola Bazar;13304004
33;Bokchi;Bokchi Khamar Mor;13304005
33;Bokchi;Dokhin Bokchi Amer Bagan;13304006
33;Azizullah;Topar Dokan;13305001
33;Azizullah;Tale Para;13305002
33;Azizullah;Poschim Munchi Para;13305003
33;Azizullah;Mojal;13305004
33;Azizullah;Modikhana;13305005
33;Azizullah;Master Para;13305006
33;Azizullah;Tatary Para;13305007
33;Azizullah;Shapara;13305008
33;Azizullah;Roju Ar Boshoty;13305009
33;Raji Khan;Uttor Raju Kha;13306001
33;Raji Khan;Motin;13306002
33;Raji Khan;Shaker Ali Member;13306003
33;Raji Khan;Raju Kha Masjeed;13306004
33;Mekura;Mekura Moddho Para;13307001
33;Mekura;Mekura Hat-1;13307002
33;Mekura;Mekura Boro Bari;13307003
33;Mekura;Mekura Adorshopara;13307004
33;Mekura;Mekura Baniapara-1;13307005
33;Mekura;Mekura Baniapara-2;13307006
33;Mekura;Mekura Hat-2;13307007
33;Hossennagar;Kha Para;13308001
33;Hossennagar;Moddho Para;13308002
33;Hossennagar;Foizan Member;13308003
33;Hossennagar;Kali Mandir;13308004
33;Hossennagar;Nodir Par;13308005
33;Hossennagar;Sri Sri Durga Mandir;13308006
33;Hossennagar;Bolaram Chokider;13308007
33;Hossennagar;Boiragi Para-1;13308008
33;Hossennagar;Boiragi Para-2;13308009
33;Hossennagar;Pach Para;13308010
33;Hossennagar;Dararpar;13308011
33;Hossennagar;Razzak;13308012
33;Taluk Raghu;Bosunia Para;13309001
33;Taluk Raghu;Patana Para Jame Masjeed;13309002
33;Taluk Raghu;Taluk Bogura Para;13309003
33;Taluk Raghu;Taluk Jame Masjeed;13309004
33;Taluk Raghu;Taluk Moddho Para;13309005
